Date,Hm0 (m),H 1/10 (m),Hmax (m),Peak Tp (s),Mean Dir (Degree),WS 10m (m/s)
2019-12-01 00:00:00,0.11,0.14,0.18,4.31,181.25,2.107127916
2019-12-01 00:30:00,0.12,0.155,0.2,4.015,235.73,2.373152221
2019-12-01 01:00:00,0.13,0.17,0.22,3.72,290.21,2.559927804
2019-12-01 01:30:00,0.135,0.175,0.23,3.805,280.625,2.651121976
2019-12-01 02:00:00,0.14,0.18,0.24,3.89,271.04,2.776820588
2019-12-01 02:30:00,0.17,0.22,0.285,3.935,138.355,3.389006199
2019-12-01 03:00:00,0.2,0.26,0.33,3.98,5.67,3.761526162
2019-12-01 03:30:00,0.235,0.3,0.385,3.965,88.405,4.494488228
2019-12-01 04:00:00,0.27,0.34,0.44,3.95,171.14,5.208104869
2019-12-01 04:30:00,0.26,0.33,0.43,4.17,116.75,5.040002608
2019-12-01 05:00:00,0.25,0.32,0.42,4.39,62.36,4.991929355
2019-12-01 05:30:00,0.25,0.315,0.41,4.265,116.08,4.826290084
2019-12-01 06:00:00,0.25,0.31,0.4,4.14,169.8,4.623700382
2019-12-01 06:30:00,0.24,0.3,0.385,4.06,140.685,4.603387719
2019-12-01 07:00:00,0.23,0.29,0.37,3.98,111.57,4.501194879
2019-12-01 07:30:00,0.22,0.28,0.355,3.81,108.82,4.410563817
2019-12-01 08:00:00,0.21,0.27,0.34,3.64,106.07,4.339423655
2019-12-01 08:30:00,0.23,0.295,0.375,3.905,154.12,4.73665335
2019-12-01 09:00:00,0.25,0.32,0.41,4.17,202.17,5.328505333
2019-12-01 09:30:00,0.235,0.3,0.385,4.17,117.14,5.035845663
2019-12-01 10:00:00,0.22,0.28,0.36,4.17,32.11,4.712658226
2019-12-01 10:30:00,0.225,0.285,0.365,3.88,40.135,4.766327054
2019-12-01 11:00:00,0.23,0.29,0.37,3.59,48.16,4.998496801
2019-12-01 11:30:00,0.225,0.28,0.36,4.17,65.965,4.922139938
2019-12-01 12:00:00,0.22,0.27,0.35,4.75,83.77,4.934755077
2019-12-01 12:30:00,0.22,0.27,0.35,4.195,85.525,4.999799908
2019-12-01 13:00:00,0.22,0.27,0.35,3.64,87.28,4.975886378
2019-12-01 13:30:00,0.23,0.285,0.37,4.385,87.1,5.501734375
2019-12-01 14:00:00,0.24,0.3,0.39,5.13,86.92,5.802990969
2019-12-01 14:30:00,0.23,0.29,0.375,5.105,183.825,5.665525466
2019-12-01 15:00:00,0.22,0.28,0.36,5.08,280.73,5.57677538
2019-12-01 15:30:00,0.2,0.255,0.33,4.875,198.12,5.193567684
2019-12-01 16:00:00,0.18,0.23,0.3,4.67,115.51,4.706638583
2019-12-01 16:30:00,0.185,0.235,0.305,4.44,81.45,4.88838494
2019-12-01 17:00:00,0.19,0.24,0.31,4.21,47.39,4.96529178
2019-12-01 17:30:00,0.185,0.23,0.3,4.05,84.85,4.878348777
2019-12-01 18:00:00,0.18,0.22,0.29,3.89,122.31,4.83838885
2019-12-01 18:30:00,0.17,0.21,0.275,4.645,67.4,4.706898782
2019-12-01 19:00:00,0.16,0.2,0.26,5.4,12.49,4.506820127
2019-12-01 19:30:00,0.145,0.18,0.235,5.035,68.945,4.192897823
2019-12-01 20:00:00,0.13,0.16,0.21,4.67,125.4,3.816322781
2019-12-01 20:30:00,0.13,0.16,0.21,4.51,121.395,3.873284447
2019-12-01 21:00:00,0.13,0.16,0.21,4.35,117.39,3.856192857
2019-12-01 21:30:00,0.12,0.15,0.195,4.195,102.72,3.640639425
2019-12-01 22:00:00,0.11,0.14,0.18,4.04,88.05,3.36491401
2019-12-01 22:30:00,0.095,0.12,0.16,4.585,123.29,3.008959908
2019-12-01 23:00:00,0.08,0.1,0.14,5.13,158.53,2.601119948
2019-12-01 23:30:00,0.105,0.135,0.18,4.685,115.43,3.378395842
2019-12-02 00:00:00,0.13,0.17,0.22,4.24,72.33,4.159673407
2019-12-02 00:30:00,0.13,0.17,0.22,4.05,108.835,4.244053628
2019-12-02 01:00:00,0.13,0.17,0.22,3.86,145.34,4.272798869
2019-12-02 01:30:00,0.135,0.175,0.225,4.2,156.385,4.490185256
2019-12-02 02:00:00,0.14,0.18,0.23,4.54,167.43,4.594336303
2019-12-02 02:30:00,0.18,0.23,0.295,4.375,116.715,5.88895755
2019-12-02 03:00:00,0.22,0.28,0.36,4.21,66.0,7.168208207
2019-12-02 03:30:00,0.255,0.325,0.42,4.3,89.33,8.501183581
2019-12-02 04:00:00,0.29,0.37,0.48,4.39,112.66,9.785443557
2019-12-02 04:30:00,0.28,0.355,0.46,4.445,214.85,9.362026294
2019-12-02 05:00:00,0.27,0.34,0.44,4.5,317.04,9.037787119
2019-12-02 05:30:00,0.255,0.325,0.42,4.135,173.47,8.654193189
2019-12-02 06:00:00,0.24,0.31,0.4,3.77,29.9,8.030901645
2019-12-02 06:30:00,0.24,0.305,0.395,3.89,41.855,7.915884069
2019-12-02 07:00:00,0.24,0.3,0.39,4.01,53.81,7.890643807
2019-12-02 07:30:00,0.235,0.295,0.38,4.34,78.845,7.654701487
2019-12-02 08:00:00,0.23,0.29,0.37,4.67,103.88,7.488994924
2019-12-02 08:30:00,0.23,0.29,0.37,4.355,105.325,7.540306828
2019-12-02 09:00:00,0.23,0.29,0.37,4.04,106.77,7.614392605
2019-12-02 09:30:00,0.23,0.29,0.375,4.16,80.02,7.710222828
2019-12-02 10:00:00,0.23,0.29,0.38,4.28,53.27,7.655743938
2019-12-02 10:30:00,0.235,0.295,0.385,4.245,104.635,7.669926717
2019-12-02 11:00:00,0.24,0.3,0.39,4.21,156.0,7.792529131
2019-12-02 11:30:00,0.23,0.285,0.375,4.175,107.6,7.490495324
2019-12-02 12:00:00,0.22,0.27,0.36,4.14,59.2,7.280143799
2019-12-02 12:30:00,0.245,0.31,0.405,3.915,47.965,8.232062019
2019-12-02 13:00:00,0.27,0.35,0.45,3.69,36.73,9.179799029
2019-12-02 13:30:00,0.27,0.35,0.45,3.95,37.92,9.206533058
2019-12-02 14:00:00,0.27,0.35,0.45,4.21,39.11,9.271177406
2019-12-02 14:30:00,0.26,0.335,0.43,4.02,34.925,8.756140236
2019-12-02 15:00:00,0.25,0.32,0.41,3.83,30.74,8.226410513
2019-12-02 15:30:00,0.235,0.295,0.385,3.83,51.115,7.820535544
2019-12-02 16:00:00,0.22,0.27,0.36,3.83,71.49,7.334993181
2019-12-02 16:30:00,0.21,0.26,0.345,3.72,74.46,6.969185714
2019-12-02 17:00:00,0.2,0.25,0.33,3.61,77.43,6.613055566
2019-12-02 17:30:00,0.19,0.24,0.315,4.14,90.25,6.271149379
2019-12-02 18:00:00,0.18,0.23,0.3,4.67,103.07,5.985907707
2019-12-02 18:30:00,0.185,0.235,0.3,4.8,120.005,6.039033857
2019-12-02 19:00:00,0.19,0.24,0.3,4.93,136.94,6.083312422
2019-12-02 19:30:00,0.18,0.23,0.29,4.675,89.085,5.940227565
2019-12-02 20:00:00,0.17,0.22,0.28,4.42,41.23,5.72858313
2019-12-02 20:30:00,0.155,0.195,0.25,4.245,50.035,5.052018098
2019-12-02 21:00:00,0.14,0.17,0.22,4.07,58.84,4.548742771
2019-12-02 21:30:00,0.13,0.165,0.21,4.39,78.895,4.360805881
2019-12-02 22:00:00,0.12,0.16,0.2,4.71,98.95,4.104300212
2019-12-02 22:30:00,0.115,0.15,0.195,4.315,112.57,4.013274822
2019-12-02 23:00:00,0.11,0.14,0.19,3.92,126.19,3.96750132
2019-12-02 23:30:00,0.12,0.155,0.205,3.935,132.91,4.288104942
2019-12-03 00:00:00,0.13,0.17,0.22,3.95,139.63,4.64040966
2019-12-03 00:30:00,0.15,0.195,0.25,4.095,162.945,5.230325134
2019-12-03 01:00:00,0.17,0.22,0.28,4.24,186.26,6.002260419
2019-12-03 01:30:00,0.17,0.22,0.285,4.11,141.355,6.024175157
2019-12-03 02:00:00,0.17,0.22,0.29,3.98,96.45,6.217989127
2019-12-03 02:30:00,0.215,0.275,0.355,3.795,110.785,7.725776671
2019-12-03 03:00:00,0.26,0.33,0.42,3.61,125.12,9.180510692
2019-12-03 03:30:00,0.28,0.36,0.46,3.84,107.37,10.01701466
2019-12-03 04:00:00,0.3,0.39,0.5,4.07,89.62,10.92126276
2019-12-03 04:30:00,0.3,0.385,0.49,4.765,105.48,10.66757048
2019-12-03 05:00:00,0.3,0.38,0.48,5.46,121.34,10.60287361
2019-12-03 05:30:00,0.3,0.38,0.485,4.66,125.915,10.85665338
2019-12-03 06:00:00,0.3,0.38,0.49,3.86,130.49,10.99016791
2019-12-03 06:30:00,0.305,0.385,0.5,3.845,136.275,11.17669926
2019-12-03 07:00:00,0.31,0.39,0.51,3.83,142.06,11.38523942
2019-12-03 07:30:00,0.31,0.39,0.505,4.735,142.285,11.21356828
2019-12-03 08:00:00,0.31,0.39,0.5,5.64,142.51,10.93684861
2019-12-03 08:30:00,0.315,0.4,0.51,5.07,146.995,11.0266643
2019-12-03 09:00:00,0.32,0.41,0.52,4.5,151.48,11.60550694
2019-12-03 09:30:00,0.34,0.435,0.555,4.07,178.105,12.23150946
2019-12-03 10:00:00,0.36,0.46,0.59,3.64,204.73,12.96652112
2019-12-03 10:30:00,0.35,0.45,0.575,5.07,191.305,12.524075
2019-12-03 11:00:00,0.34,0.44,0.56,6.5,177.88,12.09682987
2019-12-03 11:30:00,0.355,0.455,0.585,5.37,168.935,12.72435866
2019-12-03 12:00:00,0.37,0.47,0.61,4.24,159.99,13.27524267
2019-12-03 12:30:00,0.375,0.48,0.62,4.205,96.715,13.53807482
2019-12-03 13:00:00,0.38,0.49,0.63,4.17,33.44,13.85393583
2019-12-03 13:30:00,0.38,0.485,0.625,4.015,92.09,13.94177491
2019-12-03 14:00:00,0.38,0.48,0.62,3.86,150.74,13.70259469
2019-12-03 14:30:00,0.4,0.505,0.65,3.965,151.68,14.46075925
2019-12-03 15:00:00,0.42,0.53,0.68,4.07,152.62,14.99914281
2019-12-03 15:30:00,0.395,0.495,0.635,4.41,133.98,13.9336469
2019-12-03 16:00:00,0.37,0.46,0.59,4.75,115.34,12.88803997
2019-12-03 16:30:00,0.4,0.505,0.65,5.71,118.7,13.9851979
2019-12-03 17:00:00,0.43,0.55,0.71,6.67,122.06,15.23722432
2019-12-03 17:30:00,0.415,0.53,0.68,6.505,127.205,14.22960666
2019-12-03 18:00:00,0.4,0.51,0.65,6.34,132.35,13.4116782
2019-12-03 18:30:00,0.36,0.455,0.585,6.155,145.805,12.05754826
2019-12-03 19:00:00,0.32,0.4,0.52,5.97,159.26,10.58924648
2019-12-03 19:30:00,0.315,0.4,0.515,5.07,137.485,10.59501511
2019-12-03 20:00:00,0.31,0.4,0.51,4.17,115.71,10.35568979
2019-12-03 20:30:00,0.305,0.39,0.5,4.19,145.72,9.982206058
2019-12-03 21:00:00,0.3,0.38,0.49,4.21,175.73,9.74326657
2019-12-03 21:30:00,0.29,0.37,0.475,3.925,186.135,9.344037077
2019-12-03 22:00:00,0.28,0.36,0.46,3.64,196.54,8.83105124
2019-12-03 22:30:00,0.255,0.33,0.42,5.44,181.21,7.886233775
2019-12-03 23:00:00,0.23,0.3,0.38,7.24,165.88,7.105466935
2019-12-03 23:30:00,0.245,0.315,0.405,6.04,156.38,7.453783624
2019-12-04 00:00:00,0.26,0.33,0.43,4.84,146.88,7.829622594
2019-12-04 00:30:00,0.27,0.34,0.44,5.37,150.725,7.829918241
2019-12-04 01:00:00,0.28,0.35,0.45,5.9,154.57,8.127519792
2019-12-04 01:30:00,0.27,0.34,0.44,5.145,149.28,7.833395373
2019-12-04 02:00:00,0.26,0.33,0.43,4.39,143.99,7.550383334
2019-12-04 02:30:00,0.28,0.36,0.465,4.64,151.39,7.847474234
2019-12-04 03:00:00,0.3,0.39,0.5,4.89,158.79,8.314144711
2019-12-04 03:30:00,0.31,0.4,0.515,4.6,139.47,8.488429113
2019-12-04 04:00:00,0.32,0.41,0.53,4.31,120.15,8.677796014
2019-12-04 04:30:00,0.33,0.42,0.545,3.985,100.435,8.956426568
2019-12-04 05:00:00,0.34,0.43,0.56,3.66,80.72,9.22935049
2019-12-04 05:30:00,0.345,0.435,0.565,3.715,150.175,9.222980007
2019-12-04 06:00:00,0.35,0.44,0.57,3.77,219.63,9.027104716
2019-12-04 06:30:00,0.345,0.435,0.565,3.83,154.54,8.725682822
2019-12-04 07:00:00,0.34,0.43,0.56,3.89,89.45,8.877027679
2019-12-04 07:30:00,0.33,0.42,0.54,3.86,107.7,8.758436691
2019-12-04 08:00:00,0.32,0.41,0.52,3.83,125.95,8.155708695
2019-12-04 08:30:00,0.315,0.405,0.515,4.055,119.5,8.014208263
2019-12-04 09:00:00,0.31,0.4,0.51,4.28,113.05,7.846578503
2019-12-04 09:30:00,0.3,0.385,0.495,6.095,132.655,7.700640454
2019-12-04 10:00:00,0.29,0.37,0.48,7.91,152.26,7.37634951
2019-12-04 10:30:00,0.29,0.37,0.48,6.52,140.355,7.481421349
2019-12-04 11:00:00,0.29,0.37,0.48,5.13,128.45,7.66105418
2019-12-04 11:30:00,0.305,0.39,0.505,4.74,73.535,7.897435791
2019-12-04 12:00:00,0.32,0.41,0.53,4.35,18.62,8.212554381
2019-12-04 12:30:00,0.315,0.4,0.515,4.245,53.22,7.866926336
2019-12-04 13:00:00,0.31,0.39,0.5,4.14,87.82,7.613456836
2019-12-04 13:30:00,0.32,0.405,0.52,4.38,116.125,7.855682259
2019-12-04 14:00:00,0.33,0.42,0.54,4.62,144.43,8.154365795
2019-12-04 14:30:00,0.33,0.42,0.54,4.415,154.125,8.256624185
2019-12-04 15:00:00,0.33,0.42,0.54,4.21,163.82,8.249279404
2019-12-04 15:30:00,0.31,0.395,0.51,4.095,177.69,7.775695032
2019-12-04 16:00:00,0.29,0.37,0.48,3.98,191.56,7.220339803
2019-12-04 16:30:00,0.29,0.37,0.48,4.28,178.475,7.278233796
2019-12-04 17:00:00,0.29,0.37,0.48,4.58,165.39,7.212428652
2019-12-04 17:30:00,0.29,0.37,0.475,4.625,117.69,7.327632067
2019-12-04 18:00:00,0.29,0.37,0.47,4.67,69.99,7.286881417
2019-12-04 18:30:00,0.28,0.355,0.455,5.355,122.755,7.15228344
2019-12-04 19:00:00,0.27,0.34,0.44,6.04,175.52,6.78522844
2019-12-04 19:30:00,0.27,0.34,0.44,4.935,130.49,6.715004771
2019-12-04 20:00:00,0.27,0.34,0.44,3.83,85.46,6.807641411
2019-12-04 20:30:00,0.255,0.325,0.415,4.83,117.535,6.494875193
2019-12-04 21:00:00,0.24,0.31,0.39,5.83,149.61,6.062355732
2019-12-04 21:30:00,0.23,0.295,0.37,4.775,172.07,5.601743646
2019-12-04 22:00:00,0.22,0.28,0.35,3.72,194.53,5.253736719
2019-12-04 22:30:00,0.195,0.245,0.31,5.195,173.87,4.734275125
2019-12-04 23:00:00,0.17,0.21,0.27,6.67,153.21,4.13970553
2019-12-04 23:30:00,0.185,0.23,0.295,6.065,164.825,4.488670973
2019-12-05 00:00:00,0.2,0.25,0.32,5.46,176.44,4.941659062
2019-12-05 00:30:00,0.205,0.26,0.33,5.615,179.225,3.752538189
2019-12-05 01:00:00,0.21,0.27,0.34,5.77,182.01,4.084307862
2019-12-05 01:30:00,0.215,0.27,0.345,4.99,106.045,3.55430675
2019-12-05 02:00:00,0.22,0.27,0.35,4.21,30.08,4.148167481
2019-12-05 02:30:00,0.235,0.295,0.375,4.75,95.605,5.563441841
2019-12-05 03:00:00,0.25,0.32,0.4,5.29,161.13,5.759262138
2019-12-05 03:30:00,0.25,0.32,0.405,5.495,145.09,5.902607576
2019-12-05 04:00:00,0.25,0.32,0.41,5.7,129.05,5.855914071
2019-12-05 04:30:00,0.26,0.335,0.43,4.765,134.05,6.141558709
2019-12-05 05:00:00,0.27,0.35,0.45,3.83,139.05,6.27963885
2019-12-05 05:30:00,0.285,0.365,0.47,4.25,101.59,6.477933236
2019-12-05 06:00:00,0.3,0.38,0.49,4.67,64.13,6.986391507
2019-12-05 06:30:00,0.295,0.375,0.485,4.51,79.235,6.85681859
2019-12-05 07:00:00,0.29,0.37,0.48,4.35,94.34,6.654338598
2019-12-05 07:30:00,0.265,0.34,0.44,4.445,104.22,6.062735694
2019-12-05 08:00:00,0.24,0.31,0.4,4.54,114.1,5.412370703
2019-12-05 08:30:00,0.245,0.31,0.405,4.785,142.985,5.365388331
2019-12-05 09:00:00,0.25,0.31,0.41,5.03,171.87,5.347357614
2019-12-05 09:30:00,0.255,0.32,0.42,4.725,132.645,5.32799887
2019-12-05 10:00:00,0.26,0.33,0.43,4.42,93.42,5.30884194
2019-12-05 10:30:00,0.27,0.345,0.445,4.14,88.045,5.330303917
2019-12-05 11:00:00,0.28,0.36,0.46,3.86,82.67,5.472233272
2019-12-05 11:30:00,0.27,0.345,0.44,4.015,104.57,5.124248801
2019-12-05 12:00:00,0.26,0.33,0.42,4.17,126.47,4.63358423
2019-12-05 12:30:00,0.255,0.325,0.42,4.09,108.05,4.628565249
2019-12-05 13:00:00,0.25,0.32,0.42,4.01,89.63,4.619375177
2019-12-05 13:30:00,0.24,0.305,0.395,4.075,78.145,4.259128043
2019-12-05 14:00:00,0.23,0.29,0.37,4.14,66.66,4.022769583
2019-12-05 14:30:00,0.235,0.3,0.38,4.3,111.24,4.144648572
2019-12-05 15:00:00,0.24,0.31,0.39,4.46,155.82,4.154292233
2019-12-05 15:30:00,0.24,0.31,0.395,4.52,114.94,4.115156427
2019-12-05 16:00:00,0.24,0.31,0.4,4.58,74.06,4.145600664
2019-12-05 16:30:00,0.24,0.31,0.4,4.19,62.405,4.138491081
2019-12-05 17:00:00,0.24,0.31,0.4,3.8,50.75,4.135431527
2019-12-05 17:30:00,0.235,0.3,0.385,3.695,113.465,4.05515426
2019-12-05 18:00:00,0.23,0.29,0.37,3.59,176.18,3.978234475
2019-12-05 18:30:00,0.225,0.28,0.36,4.335,138.82,3.783258582
2019-12-05 19:00:00,0.22,0.27,0.35,5.08,101.46,3.598369461
2019-12-05 19:30:00,0.215,0.265,0.345,4.37,95.83,3.502274382
2019-12-05 20:00:00,0.21,0.26,0.34,3.66,90.2,3.481898157
2019-12-05 20:30:00,0.185,0.235,0.305,4.14,123.75,3.137101171
2019-12-05 21:00:00,0.16,0.21,0.27,4.62,157.3,2.772241527
2019-12-05 21:30:00,0.155,0.2,0.26,4.38,150.74,2.770145199
2019-12-05 22:00:00,0.15,0.19,0.25,4.14,144.18,2.628309524
2019-12-05 22:30:00,0.135,0.17,0.22,4.245,156.41,2.350971399
2019-12-05 23:00:00,0.12,0.15,0.19,4.35,168.64,2.039503235
2019-12-05 23:30:00,0.13,0.165,0.21,5.125,152.285,2.175645546
2019-12-06 00:00:00,0.14,0.18,0.23,5.9,135.93,2.424337556
2019-12-06 00:30:00,0.145,0.185,0.235,5.625,167.39,2.496402666
2019-12-06 01:00:00,0.15,0.19,0.24,5.35,198.85,2.686483717
2019-12-06 01:30:00,0.155,0.195,0.255,4.76,173.05,2.880943043
2019-12-06 02:00:00,0.16,0.2,0.27,4.17,147.25,3.101711489
2019-12-06 02:30:00,0.195,0.25,0.325,4.105,106.48,3.74586459
2019-12-06 03:00:00,0.23,0.3,0.38,4.04,65.71,4.500145007
2019-12-06 03:30:00,0.26,0.33,0.425,3.88,88.435,5.089176355
2019-12-06 04:00:00,0.29,0.36,0.47,3.72,111.16,5.728832091
2019-12-06 04:30:00,0.28,0.35,0.455,3.945,87.255,5.55839434
2019-12-06 05:00:00,0.27,0.34,0.44,4.17,63.35,5.392205712
2019-12-06 05:30:00,0.28,0.355,0.455,4.295,61.115,5.740743696
2019-12-06 06:00:00,0.29,0.37,0.47,4.42,58.88,6.264498142
2019-12-06 06:30:00,0.3,0.385,0.495,4.08,179.22,6.480458972
2019-12-06 07:00:00,0.31,0.4,0.52,3.74,299.56,6.839421522
2019-12-06 07:30:00,0.295,0.38,0.495,4.925,220.35,6.80014179
2019-12-06 08:00:00,0.28,0.36,0.47,6.11,141.14,6.475538643
2019-12-06 08:30:00,0.29,0.37,0.48,5.09,140.855,6.787324014
2019-12-06 09:00:00,0.3,0.38,0.49,4.07,140.57,6.951765882
2019-12-06 09:30:00,0.29,0.37,0.475,3.995,102.84,6.917869867
2019-12-06 10:00:00,0.28,0.36,0.46,3.92,65.11,6.622010633
2019-12-06 10:30:00,0.29,0.37,0.475,3.805,116.905,6.831878409
2019-12-06 11:00:00,0.3,0.38,0.49,3.69,168.7,7.024053835
2019-12-06 11:30:00,0.305,0.39,0.5,3.95,95.22,7.436696732
2019-12-06 12:00:00,0.31,0.4,0.51,4.21,21.74,7.551347527
2019-12-06 12:30:00,0.31,0.4,0.51,4.595,72.8,7.588192604
2019-12-06 13:00:00,0.31,0.4,0.51,4.98,123.86,7.639012615
2019-12-06 13:30:00,0.32,0.41,0.52,5.08,124.41,7.852382746
2019-12-06 14:00:00,0.33,0.42,0.53,5.18,124.96,8.16462236
2019-12-06 14:30:00,0.315,0.405,0.51,4.86,121.4,7.774432841
2019-12-06 15:00:00,0.3,0.39,0.49,4.54,117.84,7.366111605
2019-12-06 15:30:00,0.3,0.39,0.49,4.54,148.95,7.606762438
2019-12-06 16:00:00,0.3,0.39,0.49,4.54,180.06,7.609326218
2019-12-06 16:30:00,0.32,0.41,0.52,4.52,109.195,8.091328234
2019-12-06 17:00:00,0.34,0.43,0.55,4.5,38.33,8.467485756
2019-12-06 17:30:00,0.325,0.415,0.53,4.425,104.095,8.060005073
2019-12-06 18:00:00,0.31,0.4,0.51,4.35,169.86,7.975224016
2019-12-06 18:30:00,0.29,0.375,0.475,3.995,112.705,7.368356079
2019-12-06 19:00:00,0.27,0.35,0.44,3.64,55.55,6.827551934
2019-12-06 19:30:00,0.28,0.36,0.455,4.875,117.265,7.01996608
2019-12-06 20:00:00,0.29,0.37,0.47,6.11,178.98,7.206034664
2019-12-06 20:30:00,0.265,0.34,0.43,6.95,178.12,6.624574019
2019-12-06 21:00:00,0.24,0.31,0.39,7.79,177.26,5.938008498
2019-12-06 21:30:00,0.235,0.305,0.385,6.515,173.12,5.914225699
2019-12-06 22:00:00,0.23,0.3,0.38,5.24,168.98,5.905213267
2019-12-06 22:30:00,0.22,0.285,0.365,5.04,174.91,5.673432312
2019-12-06 23:00:00,0.21,0.27,0.35,4.84,180.84,5.480027676
2019-12-06 23:30:00,0.22,0.28,0.36,5.67,174.035,5.510237546
2019-12-07 00:00:00,0.23,0.29,0.37,6.5,167.23,5.627416119
2019-12-07 00:30:00,0.23,0.29,0.375,5.355,165.125,5.626290895
2019-12-07 01:00:00,0.23,0.29,0.38,4.21,163.02,5.690113245
2019-12-07 01:30:00,0.25,0.32,0.41,4.375,134.85,6.134555821
2019-12-07 02:00:00,0.27,0.35,0.44,4.54,106.68,6.635259085
2019-12-07 02:30:00,0.285,0.365,0.465,4.69,89.945,7.161481271
2019-12-07 03:00:00,0.3,0.38,0.49,4.84,73.21,7.615131553
2019-12-07 03:30:00,0.325,0.41,0.53,5.15,110.25,8.004229967
2019-12-07 04:00:00,0.35,0.44,0.57,5.46,147.29,8.499427797
2019-12-07 04:30:00,0.34,0.43,0.55,4.525,251.315,8.132975844
2019-12-07 05:00:00,0.33,0.42,0.53,3.59,355.34,7.837609084
2019-12-07 05:30:00,0.31,0.395,0.5,3.88,264.21,7.413494335
2019-12-07 06:00:00,0.29,0.37,0.47,4.17,173.08,7.058073171
2019-12-07 06:30:00,0.295,0.375,0.48,4.155,144.25,7.086519039
2019-12-07 07:00:00,0.3,0.38,0.49,4.14,115.42,7.200752239
2019-12-07 07:30:00,0.28,0.36,0.46,4.635,114.745,6.827911781
2019-12-07 08:00:00,0.26,0.34,0.43,5.13,114.07,6.457441514
2019-12-07 08:30:00,0.27,0.35,0.445,4.9,115.625,6.714518948
2019-12-07 09:00:00,0.28,0.36,0.46,4.67,117.18,6.927285576
2019-12-07 09:30:00,0.275,0.355,0.45,4.455,113.26,6.972861937
2019-12-07 10:00:00,0.27,0.35,0.44,4.24,109.34,6.816554703
2019-12-07 10:30:00,0.27,0.345,0.435,4.37,234.085,6.727042155
2019-12-07 11:00:00,0.27,0.34,0.43,4.5,358.83,6.737647138
2019-12-07 11:30:00,0.255,0.32,0.405,4.445,234.9,6.40474225
2019-12-07 12:00:00,0.24,0.3,0.38,4.39,110.97,6.03072609
2019-12-07 12:30:00,0.255,0.32,0.41,4.53,75.6,6.453978906
2019-12-07 13:00:00,0.27,0.34,0.44,4.67,40.23,7.134752762
2019-12-07 13:30:00,0.28,0.35,0.455,4.545,71.78,7.455803975
2019-12-07 14:00:00,0.29,0.36,0.47,4.42,103.33,7.744749737
2019-12-07 14:30:00,0.275,0.345,0.45,4.46,93.01,7.305823445
2019-12-07 15:00:00,0.26,0.33,0.43,4.5,82.69,7.160699851
2019-12-07 15:30:00,0.255,0.325,0.425,4.98,121.09,7.156820565
2019-12-07 16:00:00,0.25,0.32,0.42,5.46,159.49,7.104600958
2019-12-07 16:30:00,0.24,0.31,0.4,5.645,143.11,6.895121652
2019-12-07 17:00:00,0.23,0.3,0.38,5.83,126.73,6.623863299
2019-12-07 17:30:00,0.23,0.295,0.38,4.89,111.72,6.61029234
2019-12-07 18:00:00,0.23,0.29,0.38,3.95,96.71,6.733943464
2019-12-07 18:30:00,0.225,0.285,0.37,5.7,120.78,6.731736365
2019-12-07 19:00:00,0.22,0.28,0.36,7.45,144.85,6.588053241
2019-12-07 19:30:00,0.21,0.27,0.345,5.73,122.63,6.430334294
2019-12-07 20:00:00,0.2,0.26,0.33,4.01,100.41,6.262533898
2019-12-07 20:30:00,0.195,0.25,0.32,5.385,123.83,6.003802897
2019-12-07 21:00:00,0.19,0.24,0.31,6.76,147.25,5.861301727
2019-12-07 21:30:00,0.19,0.24,0.31,5.4,132.185,6.01696864
2019-12-07 22:00:00,0.19,0.24,0.31,4.04,117.12,6.088443041
2019-12-07 22:30:00,0.17,0.215,0.28,4.09,117.275,5.374438803
2019-12-07 23:00:00,0.15,0.19,0.25,4.14,117.43,4.864267038
2019-12-07 23:30:00,0.14,0.18,0.235,3.93,129.24,4.608195992
2019-12-08 00:00:00,0.13,0.17,0.22,3.72,141.05,4.343305203
2019-12-08 00:30:00,0.14,0.18,0.23,4.15,169.135,4.555319905
2019-12-08 01:00:00,0.15,0.19,0.24,4.58,197.22,4.777254684
2019-12-08 01:30:00,0.16,0.205,0.26,4.34,146.815,5.097783372
2019-12-08 02:00:00,0.17,0.22,0.28,4.1,96.41,5.490818993
2019-12-08 02:30:00,0.19,0.24,0.31,4.225,81.865,5.976589462
2019-12-08 03:00:00,0.21,0.26,0.34,4.35,67.32,6.607270117
2019-12-08 03:30:00,0.24,0.3,0.39,4.035,62.225,7.570958883
2019-12-08 04:00:00,0.27,0.34,0.44,3.72,57.13,8.57795912
2019-12-08 04:30:00,0.28,0.355,0.46,4.215,75.045,8.811690714
2019-12-08 05:00:00,0.29,0.37,0.48,4.71,92.96,9.111499696
2019-12-08 05:30:00,0.27,0.345,0.45,4.55,73.76,8.587669998
2019-12-08 06:00:00,0.25,0.32,0.42,4.39,54.56,8.008862147
2019-12-08 06:30:00,0.25,0.315,0.41,4.0,46.645,7.880226965
2019-12-08 07:00:00,0.25,0.31,0.4,3.61,38.73,7.737254571
2019-12-08 07:30:00,0.25,0.315,0.41,3.78,35.935,7.859255527
2019-12-08 08:00:00,0.25,0.32,0.42,3.95,33.14,8.073438888
2019-12-08 08:30:00,0.245,0.31,0.405,4.06,58.935,7.722114628
2019-12-08 09:00:00,0.24,0.3,0.39,4.17,84.73,7.312852437
2019-12-08 09:30:00,0.24,0.3,0.39,3.955,101.795,7.335013999
2019-12-08 10:00:00,0.24,0.3,0.39,3.74,118.86,7.47421065
2019-12-08 10:30:00,0.235,0.3,0.385,4.27,86.06,7.15270871
2019-12-08 11:00:00,0.23,0.3,0.38,4.8,53.26,7.142055477
2019-12-08 11:30:00,0.225,0.29,0.37,4.865,87.09,6.883252558
2019-12-08 12:00:00,0.22,0.28,0.36,4.93,120.92,6.550114168
2019-12-08 12:30:00,0.225,0.285,0.365,4.695,190.47,6.562457049
2019-12-08 13:00:00,0.23,0.29,0.37,4.46,260.02,6.446092959
2019-12-08 13:30:00,0.22,0.28,0.355,4.905,185.78,6.117987229
2019-12-08 14:00:00,0.21,0.27,0.34,5.35,111.54,5.704173216
2019-12-08 14:30:00,0.235,0.305,0.385,5.095,107.05,6.379184848
2019-12-08 15:00:00,0.26,0.34,0.43,4.84,102.56,7.130670191
2019-12-08 15:30:00,0.245,0.32,0.405,4.215,73.455,6.66344605
2019-12-08 16:00:00,0.23,0.3,0.38,3.59,44.35,6.272294805
2019-12-08 16:30:00,0.225,0.285,0.365,3.68,28.905,5.912137366
2019-12-08 17:00:00,0.22,0.27,0.35,3.77,13.46,5.652836322
2019-12-08 17:30:00,0.205,0.255,0.33,4.155,139.61,5.340183872
2019-12-08 18:00:00,0.19,0.24,0.31,4.54,265.76,4.891917143
2019-12-08 18:30:00,0.19,0.24,0.31,4.215,221.685,4.927544232
2019-12-08 19:00:00,0.19,0.24,0.31,3.89,177.61,4.940951244
2019-12-08 19:30:00,0.175,0.225,0.29,3.89,142.63,4.682092187
2019-12-08 20:00:00,0.16,0.21,0.27,3.89,107.65,4.366185392
2019-12-08 20:30:00,0.155,0.205,0.26,3.905,80.78,4.089895203
2019-12-08 21:00:00,0.15,0.2,0.25,3.92,53.91,3.949040196
2019-12-08 21:30:00,0.14,0.185,0.235,3.82,87.09,3.625358585
2019-12-08 22:00:00,0.13,0.17,0.22,3.72,120.27,3.388325517
2019-12-08 22:30:00,0.115,0.15,0.195,3.88,146.755,3.030561887
2019-12-08 23:00:00,0.1,0.13,0.17,4.04,173.24,2.634441159
2019-12-08 23:30:00,0.1,0.13,0.17,3.89,202.165,2.655155797
2019-12-09 00:00:00,0.1,0.13,0.17,3.74,231.09,2.715283316
2019-12-09 00:30:00,0.125,0.16,0.21,4.385,221.64,3.38755157
2019-12-09 01:00:00,0.15,0.19,0.25,5.03,212.19,3.924183452
2019-12-09 01:30:00,0.14,0.18,0.235,4.335,250.195,3.633228037
2019-12-09 02:00:00,0.13,0.17,0.22,3.64,288.2,3.471259299
2019-12-09 02:30:00,0.165,0.215,0.28,3.87,159.28,4.449109354
2019-12-09 03:00:00,0.2,0.26,0.34,4.1,30.36,5.337922841
2019-12-09 03:30:00,0.225,0.29,0.38,4.36,75.565,5.971639474
2019-12-09 04:00:00,0.25,0.32,0.42,4.62,120.77,6.648044762
2019-12-09 04:30:00,0.255,0.325,0.42,4.73,129.8,6.726908498
2019-12-09 05:00:00,0.26,0.33,0.42,4.84,138.83,6.766943989
2019-12-09 05:30:00,0.26,0.33,0.425,4.73,90.7,6.877633923
2019-12-09 06:00:00,0.26,0.33,0.43,4.62,42.57,7.019652664
2019-12-09 06:30:00,0.265,0.335,0.435,5.13,80.97,7.182627915
2019-12-09 07:00:00,0.27,0.34,0.44,5.64,119.37,7.090898998
2019-12-09 07:30:00,0.275,0.345,0.45,4.625,79.49,7.274584682
2019-12-09 08:00:00,0.28,0.35,0.46,3.61,39.61,7.453441894
2019-12-09 08:30:00,0.255,0.32,0.42,4.14,53.485,6.835565187
2019-12-09 09:00:00,0.23,0.29,0.38,4.67,67.36,6.207425152
2019-12-09 09:30:00,0.225,0.285,0.37,4.42,84.175,6.108723216
2019-12-09 10:00:00,0.22,0.28,0.36,4.17,100.99,5.909859755
2019-12-09 10:30:00,0.21,0.27,0.345,4.105,82.335,5.765680301
2019-12-09 11:00:00,0.2,0.26,0.33,4.04,63.68,5.425623834
2019-12-09 11:30:00,0.215,0.275,0.355,3.865,79.64,5.953917004
2019-12-09 12:00:00,0.23,0.29,0.38,3.69,95.6,6.509478266
2019-12-09 12:30:00,0.24,0.305,0.395,3.73,84.32,6.773118416
2019-12-09 13:00:00,0.25,0.32,0.41,3.77,73.04,6.928324273
2019-12-09 13:30:00,0.255,0.325,0.42,3.875,111.21,7.079625362
2019-12-09 14:00:00,0.26,0.33,0.43,3.98,149.38,7.241268617
2019-12-09 14:30:00,0.26,0.33,0.43,4.025,115.995,7.283245619
2019-12-09 15:00:00,0.26,0.33,0.43,4.07,82.61,7.432168105
2019-12-09 15:30:00,0.245,0.315,0.41,3.83,67.915,6.974457221
2019-12-09 16:00:00,0.23,0.3,0.39,3.59,53.22,6.450868358
2019-12-09 16:30:00,0.23,0.3,0.385,4.13,77.31,6.144162051
2019-12-09 17:00:00,0.23,0.3,0.38,4.67,101.4,6.059745042
2019-12-09 17:30:00,0.22,0.285,0.36,4.625,135.555,5.807041753
2019-12-09 18:00:00,0.21,0.27,0.34,4.58,169.71,5.377723716
2019-12-09 18:30:00,0.2,0.255,0.325,4.6,95.45,5.22678699
2019-12-09 19:00:00,0.19,0.24,0.31,4.62,21.19,4.911012185
2019-12-09 19:30:00,0.175,0.225,0.29,4.62,97.72,4.469494464
2019-12-09 20:00:00,0.16,0.21,0.27,4.62,174.25,4.182428388
2019-12-09 20:30:00,0.165,0.21,0.27,4.8,156.925,4.104566174
2019-12-09 21:00:00,0.17,0.21,0.27,4.98,139.6,4.089278124
2019-12-09 21:30:00,0.165,0.205,0.265,4.74,147.0,3.947405686
2019-12-09 22:00:00,0.16,0.2,0.26,4.5,154.4,3.750811261
2019-12-09 22:30:00,0.165,0.205,0.27,4.48,181.76,4.016832823
2019-12-09 23:00:00,0.17,0.21,0.28,4.46,209.12,4.111478507
2019-12-09 23:30:00,0.16,0.2,0.265,4.22,186.29,3.866918673
2019-12-10 00:00:00,0.15,0.19,0.25,3.98,163.46,3.610977852
2019-12-10 00:30:00,0.15,0.19,0.25,4.455,159.105,3.523049455
2019-12-10 01:00:00,0.15,0.19,0.25,4.93,154.75,3.477807804
2019-12-10 01:30:00,0.155,0.195,0.255,4.82,208.535,3.579610657
2019-12-10 02:00:00,0.16,0.2,0.26,4.71,262.32,3.514454224
2019-12-10 02:30:00,0.175,0.22,0.285,4.69,151.025,3.756948713
2019-12-10 03:00:00,0.19,0.24,0.31,4.67,39.73,3.926997063
2019-12-10 03:30:00,0.21,0.27,0.345,4.49,46.285,4.232675958
2019-12-10 04:00:00,0.23,0.3,0.38,4.31,52.84,4.742680741
2019-12-10 04:30:00,0.24,0.305,0.395,4.26,105.255,4.969806343
2019-12-10 05:00:00,0.25,0.31,0.41,4.21,157.67,5.285603868
2019-12-10 05:30:00,0.26,0.33,0.425,4.57,129.95,5.376570768
2019-12-10 06:00:00,0.27,0.35,0.44,4.93,102.23,5.547443221
2019-12-10 06:30:00,0.255,0.325,0.415,5.055,139.94,5.118910141
2019-12-10 07:00:00,0.24,0.3,0.39,5.18,177.65,4.778926221
2019-12-10 07:30:00,0.24,0.3,0.39,5.055,185.505,4.814905232
2019-12-10 08:00:00,0.24,0.3,0.39,4.93,193.36,4.667460885
2019-12-10 08:30:00,0.255,0.325,0.42,5.005,213.61,4.933029728
2019-12-10 09:00:00,0.27,0.35,0.45,5.08,233.86,5.221229136
2019-12-10 09:30:00,0.275,0.35,0.45,4.515,149.02,5.129691972
2019-12-10 10:00:00,0.28,0.35,0.45,3.95,64.18,5.334708658
2019-12-10 10:30:00,0.26,0.33,0.425,4.205,101.29,5.046662671
2019-12-10 11:00:00,0.24,0.31,0.4,4.46,138.4,4.817114771
2019-12-10 11:30:00,0.255,0.325,0.42,4.72,132.565,5.014433886
2019-12-10 12:00:00,0.27,0.34,0.44,4.98,126.73,5.289578273
2019-12-10 12:30:00,0.27,0.345,0.445,4.42,99.66,5.328199506
2019-12-10 13:00:00,0.27,0.35,0.45,3.86,72.59,5.478186187
2019-12-10 13:30:00,0.27,0.345,0.45,4.105,66.995,5.536719388
2019-12-10 14:00:00,0.27,0.34,0.45,4.35,61.4,5.615959118
2019-12-10 14:30:00,0.255,0.325,0.42,4.21,99.19,5.450789224
2019-12-10 15:00:00,0.24,0.31,0.39,4.07,136.98,5.25939197
2019-12-10 15:30:00,0.245,0.31,0.395,4.325,139.43,5.298154912
2019-12-10 16:00:00,0.25,0.31,0.4,4.58,141.88,5.246581085
2019-12-10 16:30:00,0.235,0.295,0.38,4.36,135.465,5.020223319
2019-12-10 17:00:00,0.22,0.28,0.36,4.14,129.05,4.628891522
2019-12-10 17:30:00,0.225,0.285,0.37,4.56,143.67,4.769875837
2019-12-10 18:00:00,0.23,0.29,0.38,4.98,158.29,4.931677234
2019-12-10 18:30:00,0.225,0.285,0.37,5.165,162.785,5.092203813
2019-12-10 19:00:00,0.22,0.28,0.36,5.35,167.28,5.007532317
2019-12-10 19:30:00,0.205,0.26,0.335,4.48,174.39,4.701788637
2019-12-10 20:00:00,0.19,0.24,0.31,3.61,181.5,4.523614675
2019-12-10 20:30:00,0.205,0.26,0.335,4.625,179.0,4.854731819
2019-12-10 21:00:00,0.22,0.28,0.36,5.64,176.5,5.148131721
2019-12-10 21:30:00,0.24,0.305,0.39,6.34,169.63,5.770035182
2019-12-10 22:00:00,0.26,0.33,0.42,7.04,162.76,6.445162266
2019-12-10 22:30:00,0.26,0.33,0.42,6.22,160.8,6.584112061
2019-12-10 23:00:00,0.26,0.33,0.42,5.4,158.84,6.664908495
2019-12-10 23:30:00,0.25,0.32,0.41,6.125,174.725,6.502672884
2019-12-11 00:00:00,0.24,0.31,0.4,6.85,190.61,6.454739207
2019-12-11 00:30:00,0.24,0.31,0.395,6.945,179.75,6.399136651
2019-12-11 01:00:00,0.24,0.31,0.39,7.04,168.89,6.295627418
2019-12-11 01:30:00,0.265,0.335,0.43,5.895,162.77,6.946203778
2019-12-11 02:00:00,0.29,0.36,0.47,4.75,156.65,7.538043282
2019-12-11 02:30:00,0.295,0.375,0.48,5.395,153.29,7.648340068
2019-12-11 03:00:00,0.3,0.39,0.49,6.04,149.93,7.910470118
2019-12-11 03:30:00,0.3,0.39,0.495,6.69,153.375,8.037745702
2019-12-11 04:00:00,0.3,0.39,0.5,7.34,156.82,8.311740544
2019-12-11 04:30:00,0.3,0.385,0.49,7.14,174.545,8.196353511
2019-12-11 05:00:00,0.3,0.38,0.48,6.94,192.27,8.19615731
2019-12-11 05:30:00,0.305,0.39,0.495,7.04,186.69,8.406756509
2019-12-11 06:00:00,0.31,0.4,0.51,7.14,181.11,8.592469574
2019-12-11 06:30:00,0.32,0.41,0.525,6.245,170.99,8.884175178
2019-12-11 07:00:00,0.33,0.42,0.54,5.35,160.87,9.20769701
2019-12-11 07:30:00,0.32,0.405,0.515,5.97,157.225,8.821381918
2019-12-11 08:00:00,0.31,0.39,0.49,6.59,153.58,8.328254458
2019-12-11 08:30:00,0.34,0.43,0.55,7.075,155.47,9.501401158
2019-12-11 09:00:00,0.37,0.47,0.61,7.56,157.36,10.67266634
2019-12-11 09:30:00,0.355,0.455,0.58,7.25,172.925,10.09351576
2019-12-11 10:00:00,0.34,0.44,0.55,6.94,188.49,9.615991365
2019-12-11 10:30:00,0.355,0.455,0.575,7.365,166.46,10.02262328
2019-12-11 11:00:00,0.37,0.47,0.6,7.79,144.43,10.4802521
2019-12-11 11:30:00,0.365,0.46,0.59,7.32,157.795,10.12801887
2019-12-11 12:00:00,0.36,0.45,0.58,6.85,171.16,10.09606894
2019-12-11 12:30:00,0.35,0.44,0.56,7.15,166.705,9.68518898
2019-12-11 13:00:00,0.34,0.43,0.54,7.45,162.25,9.241760423
2019-12-11 13:30:00,0.34,0.43,0.545,6.265,160.71,9.10967619
2019-12-11 14:00:00,0.34,0.43,0.55,5.08,159.17,9.06250049
2019-12-11 14:30:00,0.335,0.43,0.545,6.265,153.605,8.761175793
2019-12-11 15:00:00,0.33,0.43,0.54,7.45,148.04,8.934467335
2019-12-11 15:30:00,0.32,0.41,0.52,6.82,127.64,8.523553301
2019-12-11 16:00:00,0.31,0.39,0.5,6.19,107.24,8.27294338
2019-12-11 16:30:00,0.3,0.38,0.485,6.225,128.95,7.844872436
2019-12-11 17:00:00,0.29,0.37,0.47,6.26,150.66,7.549800714
2019-12-11 17:30:00,0.28,0.355,0.45,6.185,162.365,7.213496989
2019-12-11 18:00:00,0.27,0.34,0.43,6.11,174.07,6.954889417
2019-12-11 18:30:00,0.265,0.335,0.425,6.725,166.84,6.948273047
2019-12-11 19:00:00,0.26,0.33,0.42,7.34,159.61,6.946084333
2019-12-11 19:30:00,0.24,0.305,0.39,6.84,165.69,6.299095631
2019-12-11 20:00:00,0.22,0.28,0.36,6.34,171.77,5.813258175
2019-12-11 20:30:00,0.225,0.29,0.37,6.895,178.175,5.815323484
2019-12-11 21:00:00,0.23,0.3,0.38,7.45,184.58,6.020489728
2019-12-11 21:30:00,0.255,0.33,0.415,7.15,180.74,6.786775779
2019-12-11 22:00:00,0.28,0.36,0.45,6.85,176.9,7.585139984
2019-12-11 22:30:00,0.285,0.365,0.455,6.72,180.06,7.67672291
2019-12-11 23:00:00,0.29,0.37,0.46,6.59,183.22,7.847811659
2019-12-11 23:30:00,0.32,0.405,0.51,6.815,174.175,8.699390158
2019-12-12 00:00:00,0.35,0.44,0.56,7.04,165.13,9.755184998
2019-12-12 00:30:00,0.305,0.385,0.49,6.99,162.835,8.463826178
2019-12-12 01:00:00,0.26,0.33,0.42,6.94,160.54,7.351535852
2019-12-12 01:30:00,0.275,0.35,0.445,6.895,177.05,7.845892746
2019-12-12 02:00:00,0.29,0.37,0.47,6.85,193.56,8.33019562
2019-12-12 02:30:00,0.3,0.38,0.485,6.34,179.51,8.744240747
2019-12-12 03:00:00,0.31,0.39,0.5,5.83,165.46,9.093102715
2019-12-12 03:30:00,0.335,0.42,0.54,6.165,157.825,9.898447117
2019-12-12 04:00:00,0.36,0.45,0.58,6.5,150.19,10.78820247
2019-12-12 04:30:00,0.345,0.435,0.555,6.305,171.295,10.42024028
2019-12-12 05:00:00,0.33,0.42,0.53,6.11,192.4,10.01948235
2019-12-12 05:30:00,0.32,0.41,0.52,6.95,165.44,9.828802188
2019-12-12 06:00:00,0.31,0.4,0.51,7.79,138.48,9.542451974
2019-12-12 06:30:00,0.32,0.405,0.52,7.23,150.275,9.933460546
2019-12-12 07:00:00,0.33,0.41,0.53,6.67,162.07,10.37521387
2019-12-12 07:30:00,0.31,0.39,0.5,7.005,167.115,9.936018694
2019-12-12 08:00:00,0.29,0.37,0.47,7.34,172.16,9.4687663
2019-12-12 08:30:00,0.3,0.38,0.485,7.19,176.065,9.756597195
2019-12-12 09:00:00,0.31,0.39,0.5,7.04,179.97,10.24790719
2019-12-12 09:30:00,0.345,0.435,0.555,6.855,176.655,11.40115319
2019-12-12 10:00:00,0.38,0.48,0.61,6.67,173.34,12.47004296
2019-12-12 10:30:00,0.39,0.495,0.63,6.67,179.255,12.96116017
2019-12-12 11:00:00,0.4,0.51,0.65,6.67,185.17,13.44599452
2019-12-12 11:30:00,0.38,0.485,0.62,6.585,190.355,13.00920104
2019-12-12 12:00:00,0.36,0.46,0.59,6.5,195.54,12.60206379
2019-12-12 12:30:00,0.36,0.455,0.585,5.27,161.045,12.45113777
2019-12-12 13:00:00,0.36,0.45,0.58,4.04,126.55,12.41679676
2019-12-12 13:30:00,0.36,0.455,0.585,5.355,135.645,12.37774774
2019-12-12 14:00:00,0.36,0.46,0.59,6.67,144.74,12.59133048
2019-12-12 14:30:00,0.35,0.445,0.57,6.465,156.86,12.20137698
2019-12-12 15:00:00,0.34,0.43,0.55,6.26,168.98,11.89355318
2019-12-12 15:30:00,0.335,0.425,0.545,6.3,170.42,11.7270642
2019-12-12 16:00:00,0.33,0.42,0.54,6.34,171.86,11.66519463
2019-12-12 16:30:00,0.325,0.415,0.53,6.34,167.1,11.46202821
2019-12-12 17:00:00,0.32,0.41,0.52,6.34,162.34,11.12332122
2019-12-12 17:30:00,0.315,0.4,0.51,6.505,164.05,10.85744512
2019-12-12 18:00:00,0.31,0.39,0.5,6.67,165.76,10.70192349
2019-12-12 18:30:00,0.295,0.37,0.475,6.67,168.61,10.24649659
2019-12-12 19:00:00,0.28,0.35,0.45,6.67,171.46,9.516077327
2019-12-12 19:30:00,0.275,0.35,0.445,6.715,167.28,9.413041091
2019-12-12 20:00:00,0.27,0.35,0.44,6.76,163.1,9.303114943
2019-12-12 20:30:00,0.26,0.33,0.42,6.715,159.11,8.928161733
2019-12-12 21:00:00,0.25,0.31,0.4,6.67,155.12,8.561271844
2019-12-12 21:30:00,0.28,0.35,0.445,6.76,164.51,9.525987439
2019-12-12 22:00:00,0.31,0.39,0.49,6.85,173.9,10.2320217
2019-12-12 22:30:00,0.32,0.405,0.515,6.155,176.605,10.65119408
2019-12-12 23:00:00,0.33,0.42,0.54,5.46,179.31,10.96330689
2019-12-12 23:30:00,0.325,0.415,0.53,6.11,177.31,10.45455722
2019-12-13 00:00:00,0.32,0.41,0.52,6.76,175.31,10.08163684
2019-12-13 00:30:00,0.305,0.39,0.495,6.76,183.48,9.575985587
2019-12-13 01:00:00,0.29,0.37,0.47,6.76,191.65,9.135446899
2019-12-13 01:30:00,0.275,0.35,0.445,6.59,158.375,8.669377597
2019-12-13 02:00:00,0.26,0.33,0.42,6.42,125.1,8.066729456
2019-12-13 02:30:00,0.285,0.36,0.46,5.545,129.68,8.579565076
2019-12-13 03:00:00,0.31,0.39,0.5,4.67,134.26,9.206349451
2019-12-13 03:30:00,0.325,0.41,0.525,5.545,145.56,9.600858442
2019-12-13 04:00:00,0.34,0.43,0.55,6.42,156.86,10.18761456
2019-12-13 04:30:00,0.35,0.445,0.57,6.505,163.445,10.69921968
2019-12-13 05:00:00,0.36,0.46,0.59,6.59,170.03,10.92473134
2019-12-13 05:30:00,0.335,0.43,0.55,5.74,143.92,9.943141901
2019-12-13 06:00:00,0.31,0.4,0.51,4.89,117.81,9.161902118
2019-12-13 06:30:00,0.32,0.41,0.525,5.465,141.725,9.375117006
2019-12-13 07:00:00,0.33,0.42,0.54,6.04,165.64,9.649639334
2019-12-13 07:30:00,0.32,0.405,0.52,6.64,165.885,9.34331796
2019-12-13 08:00:00,0.31,0.39,0.5,7.24,166.13,8.766531093
2019-12-13 08:30:00,0.295,0.375,0.48,6.085,182.49,8.513651268
2019-12-13 09:00:00,0.28,0.36,0.46,4.93,198.85,8.046553745
2019-12-13 09:30:00,0.285,0.365,0.47,5.8,181.875,8.282138754
2019-12-13 10:00:00,0.29,0.37,0.48,6.67,164.9,8.405811089
2019-12-13 10:30:00,0.3,0.38,0.49,6.465,160.67,8.692151168
2019-12-13 11:00:00,0.31,0.39,0.5,6.26,156.44,8.65266551
2019-12-13 11:30:00,0.32,0.405,0.52,5.775,133.46,8.907565765
2019-12-13 12:00:00,0.33,0.42,0.54,5.29,110.48,9.207800304
2019-12-13 12:30:00,0.315,0.4,0.515,5.29,101.015,8.71998312
2019-12-13 13:00:00,0.3,0.38,0.49,5.29,91.55,8.440321679
2019-12-13 13:30:00,0.29,0.365,0.47,5.265,155.845,8.056061906
2019-12-13 14:00:00,0.28,0.35,0.45,5.24,220.14,7.905493989
2019-12-13 14:30:00,0.285,0.36,0.465,5.35,177.79,8.15458526
2019-12-13 15:00:00,0.29,0.37,0.48,5.46,135.44,8.170094128
2019-12-13 15:30:00,0.295,0.375,0.48,4.815,133.915,8.0759066
2019-12-13 16:00:00,0.3,0.38,0.48,4.17,132.39,8.312517002
2019-12-13 16:30:00,0.27,0.34,0.435,4.315,105.345,7.47273086
2019-12-13 17:00:00,0.24,0.3,0.39,4.46,78.3,6.765320457
2019-12-13 17:30:00,0.245,0.31,0.4,5.145,100.44,6.7435994
2019-12-13 18:00:00,0.25,0.32,0.41,5.83,122.58,6.925524262
2019-12-13 18:30:00,0.23,0.29,0.375,6.045,140.635,6.414412596
2019-12-13 19:00:00,0.21,0.26,0.34,6.26,158.69,5.934966576
2019-12-13 19:30:00,0.205,0.255,0.33,6.225,160.365,5.642833671
2019-12-13 20:00:00,0.2,0.25,0.32,6.19,162.04,5.521142488
2019-12-13 20:30:00,0.195,0.245,0.315,5.825,139.965,5.483752514
2019-12-13 21:00:00,0.19,0.24,0.31,5.46,117.89,5.371606166
2019-12-13 21:30:00,0.18,0.23,0.295,5.86,146.41,5.172529065
2019-12-13 22:00:00,0.17,0.22,0.28,6.26,174.93,4.913158042
2019-12-13 22:30:00,0.17,0.22,0.28,6.38,167.145,4.828743505
2019-12-13 23:00:00,0.17,0.22,0.28,6.5,159.36,4.763170163
2019-12-13 23:30:00,0.185,0.24,0.305,6.1,172.45,5.098784269
2019-12-14 00:00:00,0.2,0.26,0.33,5.7,185.54,5.51715894
2019-12-14 00:30:00,0.2,0.26,0.33,5.945,157.32,5.604790332
2019-12-14 01:00:00,0.2,0.26,0.33,6.19,129.1,5.570615421
2019-12-14 01:30:00,0.215,0.275,0.35,6.08,137.515,5.781580309
2019-12-14 02:00:00,0.23,0.29,0.37,5.97,145.93,6.202406789
2019-12-14 02:30:00,0.245,0.31,0.4,5.07,135.385,6.685843665
2019-12-14 03:00:00,0.26,0.33,0.43,4.17,124.84,7.149132749
2019-12-14 03:30:00,0.28,0.36,0.465,4.575,94.74,7.70032967
2019-12-14 04:00:00,0.3,0.39,0.5,4.98,64.64,8.351702686
2019-12-14 04:30:00,0.305,0.39,0.5,5.11,67.22,8.361272297
2019-12-14 05:00:00,0.31,0.39,0.5,5.24,69.8,8.361473993
2019-12-14 05:30:00,0.3,0.385,0.49,4.975,89.28,8.073932318
2019-12-14 06:00:00,0.29,0.38,0.48,4.71,108.76,7.860814032
2019-12-14 06:30:00,0.29,0.375,0.48,4.46,118.845,7.826592504
2019-12-14 07:00:00,0.29,0.37,0.48,4.21,128.93,7.651876623
2019-12-14 07:30:00,0.27,0.345,0.445,4.57,122.385,7.215661964
2019-12-14 08:00:00,0.25,0.32,0.41,4.93,115.84,6.46571023
2019-12-14 08:30:00,0.245,0.31,0.4,5.085,107.49,6.089227307
2019-12-14 09:00:00,0.24,0.3,0.39,5.24,99.14,5.958012657
2019-12-14 09:30:00,0.235,0.295,0.38,5.675,116.6,5.812400942
2019-12-14 10:00:00,0.23,0.29,0.37,6.11,134.06,5.547081898
2019-12-14 10:30:00,0.245,0.31,0.4,6.11,150.805,5.914726609
2019-12-14 11:00:00,0.26,0.33,0.43,6.11,167.55,6.436926008
2019-12-14 11:30:00,0.255,0.325,0.425,5.365,118.32,6.180549848
2019-12-14 12:00:00,0.25,0.32,0.42,4.62,69.09,5.903428044
2019-12-14 12:30:00,0.26,0.33,0.425,4.54,95.53,5.897960956
2019-12-14 13:00:00,0.27,0.34,0.43,4.46,121.97,5.697183132
2019-12-14 13:30:00,0.275,0.35,0.445,4.585,120.805,5.673685488
2019-12-14 14:00:00,0.28,0.36,0.46,4.71,119.64,5.754626424
2019-12-14 14:30:00,0.27,0.345,0.44,4.24,72.585,5.372586164
2019-12-14 15:00:00,0.26,0.33,0.42,3.77,25.53,5.0328304
2019-12-14 15:30:00,0.25,0.32,0.41,4.98,87.245,4.819471862
2019-12-14 16:00:00,0.24,0.31,0.4,6.19,148.96,4.50488046
2019-12-14 16:30:00,0.235,0.305,0.39,5.56,139.12,4.2994315
2019-12-14 17:00:00,0.23,0.3,0.38,4.93,129.28,4.211205403
2019-12-14 17:30:00,0.23,0.3,0.38,4.93,131.765,4.200279484
2019-12-14 18:00:00,0.23,0.3,0.38,4.93,134.25,4.113471957
2019-12-14 18:30:00,0.22,0.285,0.365,4.91,131.27,3.794092209
2019-12-14 19:00:00,0.21,0.27,0.35,4.89,128.29,3.629425714
2019-12-14 19:30:00,0.2,0.255,0.33,4.935,111.625,3.408290062
2019-12-14 20:00:00,0.19,0.24,0.31,4.98,94.96,3.189834791
2019-12-14 20:30:00,0.175,0.22,0.285,4.595,136.775,2.942629085
2019-12-14 21:00:00,0.16,0.2,0.26,4.21,178.59,2.643841657
2019-12-14 21:30:00,0.155,0.195,0.255,4.695,178.535,2.505963082
2019-12-14 22:00:00,0.15,0.19,0.25,5.18,178.48,2.432108623
2019-12-14 22:30:00,0.14,0.175,0.23,4.99,155.37,2.222701186
2019-12-14 23:00:00,0.13,0.16,0.21,4.8,132.26,1.996220665
2019-12-14 23:30:00,0.135,0.17,0.225,4.965,146.62,2.169518304
2019-12-15 00:00:00,0.14,0.18,0.24,5.13,160.98,2.285018052
2019-12-15 00:30:00,0.15,0.19,0.25,4.67,129.98,2.303504956
2019-12-15 01:00:00,0.16,0.2,0.26,4.21,98.98,2.507682389
2019-12-15 01:30:00,0.175,0.22,0.28,4.26,111.315,2.733468425
2019-12-15 02:00:00,0.19,0.24,0.3,4.31,123.65,2.857062148
2019-12-15 02:30:00,0.215,0.275,0.35,4.24,89.52,3.343109944
2019-12-15 03:00:00,0.24,0.31,0.4,4.17,55.39,3.851415085
2019-12-15 03:30:00,0.265,0.34,0.44,3.89,71.06,4.373491613
2019-12-15 04:00:00,0.29,0.37,0.48,3.61,86.73,4.910759985
2019-12-15 04:30:00,0.31,0.395,0.51,3.925,75.795,5.352879816
2019-12-15 05:00:00,0.33,0.42,0.54,4.24,64.86,5.83145414
2019-12-15 05:30:00,0.29,0.37,0.48,3.965,147.06,4.998944966
2019-12-15 06:00:00,0.25,0.32,0.42,3.69,229.26,4.419268078
2019-12-15 06:30:00,0.25,0.32,0.415,3.95,166.145,4.36076732
2019-12-15 07:00:00,0.25,0.32,0.41,4.21,103.03,4.229488064
2019-12-15 07:30:00,0.24,0.305,0.39,4.005,111.76,4.041767934
2019-12-15 08:00:00,0.23,0.29,0.37,3.8,120.49,3.794364692
2019-12-15 08:30:00,0.22,0.28,0.355,4.275,134.725,3.551095059
2019-12-15 09:00:00,0.21,0.27,0.34,4.75,148.96,3.447922561
2019-12-15 09:30:00,0.215,0.275,0.35,4.75,253.55,3.583112468
2019-12-15 10:00:00,0.22,0.28,0.36,4.75,358.14,3.780863691
2019-12-15 10:30:00,0.22,0.28,0.36,4.46,276.28,3.731164642
2019-12-15 11:00:00,0.22,0.28,0.36,4.17,194.42,3.758179137
2019-12-15 11:30:00,0.23,0.295,0.38,3.93,124.315,4.148182846
2019-12-15 12:00:00,0.24,0.31,0.4,3.69,54.21,4.35888899
2019-12-15 12:30:00,0.25,0.32,0.415,3.93,54.715,4.630146947
2019-12-15 13:00:00,0.26,0.33,0.43,4.17,55.22,4.800281806
2019-12-15 13:30:00,0.265,0.335,0.435,4.19,84.16,4.913704172
2019-12-15 14:00:00,0.27,0.34,0.44,4.21,113.1,4.967923725
2019-12-15 14:30:00,0.26,0.33,0.43,4.595,104.48,4.835920874
2019-12-15 15:00:00,0.25,0.32,0.42,4.98,95.86,4.813908294
2019-12-15 15:30:00,0.235,0.3,0.39,4.45,107.16,4.447101469
2019-12-15 16:00:00,0.22,0.28,0.36,3.92,118.46,4.129355031
2019-12-15 16:30:00,0.215,0.275,0.355,4.115,79.145,4.089069114
2019-12-15 17:00:00,0.21,0.27,0.35,4.31,39.83,4.088116907
2019-12-15 17:30:00,0.21,0.27,0.35,4.6,106.235,4.181897369
2019-12-15 18:00:00,0.21,0.27,0.35,4.89,172.64,4.171142296
2019-12-15 18:30:00,0.19,0.245,0.315,4.755,182.49,3.788743156
2019-12-15 19:00:00,0.17,0.22,0.28,4.62,192.34,3.303175959
2019-12-15 19:30:00,0.15,0.195,0.25,4.36,166.86,2.896266914
2019-12-15 20:00:00,0.13,0.17,0.22,4.1,141.38,2.588137436
2019-12-15 20:30:00,0.135,0.175,0.225,4.135,143.885,2.617497175
2019-12-15 21:00:00,0.14,0.18,0.23,4.17,146.39,2.63597963
2019-12-15 21:30:00,0.14,0.18,0.23,4.19,158.94,2.615134461
2019-12-15 22:00:00,0.14,0.18,0.23,4.21,171.49,2.635907677
2019-12-15 22:30:00,0.125,0.16,0.21,4.595,144.115,2.431258518
2019-12-15 23:00:00,0.11,0.14,0.19,4.98,116.74,2.234113058
2019-12-15 23:30:00,0.115,0.145,0.19,4.935,126.64,2.273539187
2019-12-16 00:00:00,0.12,0.15,0.19,4.89,136.54,2.271841157
2019-12-16 00:30:00,0.135,0.17,0.215,5.09,162.56,2.486854925
2019-12-16 01:00:00,0.15,0.19,0.24,5.29,188.58,2.780613164
2019-12-16 01:30:00,0.165,0.21,0.27,4.875,189.29,3.141205845
2019-12-16 02:00:00,0.18,0.23,0.3,4.46,190.0,3.491241031
2019-12-16 02:30:00,0.22,0.28,0.36,4.235,149.45,4.146858747
2019-12-16 03:00:00,0.26,0.33,0.42,4.01,108.9,4.852912441
2019-12-16 03:30:00,0.265,0.335,0.43,3.875,226.345,4.958660548
2019-12-16 04:00:00,0.27,0.34,0.44,3.74,343.79,5.065487821
2019-12-16 04:30:00,0.27,0.345,0.445,4.14,303.67,5.189771379
2019-12-16 05:00:00,0.27,0.35,0.45,4.54,263.55,5.012259981
2019-12-16 05:30:00,0.27,0.345,0.445,4.13,154.84,5.006480837
2019-12-16 06:00:00,0.27,0.34,0.44,3.72,46.13,4.854873376
2019-12-16 06:30:00,0.28,0.355,0.455,4.425,74.37,4.988031191
2019-12-16 07:00:00,0.29,0.37,0.47,5.13,102.61,5.070980183
2019-12-16 07:30:00,0.255,0.325,0.415,4.635,87.515,4.647087283
2019-12-16 08:00:00,0.22,0.28,0.36,4.14,72.42,4.160762036
2019-12-16 08:30:00,0.235,0.295,0.385,4.38,84.895,4.450407301
2019-12-16 09:00:00,0.25,0.31,0.41,4.62,97.37,4.737268291
2019-12-16 09:30:00,0.23,0.29,0.38,4.6,76.165,4.545665724
2019-12-16 10:00:00,0.21,0.27,0.35,4.58,54.96,4.19636517
2019-12-16 10:30:00,0.225,0.285,0.37,4.295,80.705,4.332833461
2019-12-16 11:00:00,0.24,0.3,0.39,4.01,106.45,4.607210068
2019-12-16 11:30:00,0.23,0.29,0.375,3.95,78.205,4.554443482
2019-12-16 12:00:00,0.22,0.28,0.36,3.89,49.96,4.398359828
2019-12-16 12:30:00,0.23,0.29,0.375,4.015,104.42,4.599249385
2019-12-16 13:00:00,0.24,0.3,0.39,4.14,158.88,4.804455874
2019-12-16 13:30:00,0.265,0.33,0.43,4.66,109.49,5.505315048
2019-12-16 14:00:00,0.29,0.36,0.47,5.18,60.1,6.291497601
2019-12-16 14:30:00,0.285,0.36,0.465,5.01,109.015,6.313609261
2019-12-16 15:00:00,0.28,0.36,0.46,4.84,157.93,6.250525159
2019-12-16 15:30:00,0.245,0.31,0.4,4.28,92.755,5.662735618
2019-12-16 16:00:00,0.21,0.26,0.34,3.72,27.58,4.882714886
2019-12-16 16:30:00,0.215,0.265,0.345,3.895,31.875,5.09363583
2019-12-16 17:00:00,0.22,0.27,0.35,4.07,36.17,5.148510247
2019-12-16 17:30:00,0.215,0.27,0.35,4.5,92.845,5.194974772
2019-12-16 18:00:00,0.21,0.27,0.35,4.93,149.52,5.206873128
2019-12-16 18:30:00,0.19,0.245,0.32,4.455,150.485,4.849342614
2019-12-16 19:00:00,0.17,0.22,0.29,3.98,151.45,4.420888978
2019-12-16 19:30:00,0.17,0.215,0.285,4.48,156.595,4.490419966
2019-12-16 20:00:00,0.17,0.21,0.28,4.98,161.74,4.348646066
2019-12-16 20:30:00,0.15,0.19,0.25,4.78,154.72,3.867445773
2019-12-16 21:00:00,0.13,0.17,0.22,4.58,147.7,3.506369341
2019-12-16 21:30:00,0.125,0.16,0.205,4.41,91.685,3.315229375
2019-12-16 22:00:00,0.12,0.15,0.19,4.24,35.67,3.175578828
2019-12-16 22:30:00,0.12,0.15,0.195,4.765,103.15,3.30950367
2019-12-16 23:00:00,0.12,0.15,0.2,5.29,170.63,3.418791299
2019-12-16 23:30:00,0.115,0.15,0.195,5.405,155.255,3.421735114
2019-12-17 00:00:00,0.11,0.15,0.19,5.52,139.88,3.409162419
2019-12-17 00:30:00,0.13,0.17,0.22,4.845,145.755,3.990082973
2019-12-17 01:00:00,0.15,0.19,0.25,4.17,151.63,4.48868706
2019-12-17 01:30:00,0.16,0.205,0.265,4.135,148.03,4.803327585
2019-12-17 02:00:00,0.17,0.22,0.28,4.1,144.43,5.146710009
2019-12-17 02:30:00,0.2,0.255,0.33,4.45,90.06,6.088563941
2019-12-17 03:00:00,0.23,0.29,0.38,4.8,35.69,7.195405076
2019-12-17 03:30:00,0.25,0.32,0.415,5.02,86.085,7.91697094
2019-12-17 04:00:00,0.27,0.35,0.45,5.24,136.48,8.664306054
2019-12-17 04:30:00,0.275,0.355,0.46,4.87,113.91,8.736735763
2019-12-17 05:00:00,0.28,0.36,0.47,4.5,91.34,8.918867841
2019-12-17 05:30:00,0.27,0.35,0.45,4.445,119.31,8.663567363
2019-12-17 06:00:00,0.26,0.34,0.43,4.39,147.28,8.302519046
2019-12-17 06:30:00,0.27,0.345,0.44,4.35,188.72,8.845504456
2019-12-17 07:00:00,0.28,0.35,0.45,4.31,230.16,9.013276476
2019-12-17 07:30:00,0.27,0.345,0.44,4.13,190.84,9.059282051
2019-12-17 08:00:00,0.26,0.34,0.43,3.95,151.52,8.913503694
2019-12-17 08:30:00,0.265,0.34,0.435,4.245,158.15,8.970181624
2019-12-17 09:00:00,0.27,0.34,0.44,4.54,164.78,9.075787262
2019-12-17 09:30:00,0.245,0.31,0.4,4.5,149.41,8.2333586
2019-12-17 10:00:00,0.22,0.28,0.36,4.46,134.04,7.464595316
2019-12-17 10:30:00,0.225,0.29,0.37,4.05,142.26,7.651086556
2019-12-17 11:00:00,0.23,0.3,0.38,3.64,150.48,7.865741481
2019-12-17 11:30:00,0.24,0.31,0.395,3.995,118.755,8.146801292
2019-12-17 12:00:00,0.25,0.32,0.41,4.35,87.03,8.405622999
2019-12-17 12:30:00,0.24,0.305,0.39,3.995,54.97,7.938802482
2019-12-17 13:00:00,0.23,0.29,0.37,3.64,22.91,7.688860552
2019-12-17 13:30:00,0.25,0.315,0.405,3.96,32.62,8.455117669
2019-12-17 14:00:00,0.27,0.34,0.44,4.28,42.33,9.092217161
2019-12-17 14:30:00,0.265,0.34,0.44,4.025,39.82,9.1364154
2019-12-17 15:00:00,0.26,0.34,0.44,3.77,37.31,9.112454274
2019-12-17 15:30:00,0.24,0.31,0.405,3.97,52.505,8.25371564
2019-12-17 16:00:00,0.22,0.28,0.37,4.17,67.7,7.588813053
2019-12-17 16:30:00,0.225,0.285,0.37,3.97,99.445,7.617531862
2019-12-17 17:00:00,0.23,0.29,0.37,3.77,131.19,7.568926344
2019-12-17 17:30:00,0.21,0.265,0.34,4.35,136.345,6.867523671
2019-12-17 18:00:00,0.19,0.24,0.31,4.93,141.5,6.228137186
2019-12-17 18:30:00,0.17,0.22,0.28,4.8,95.44,5.615114146
2019-12-17 19:00:00,0.15,0.2,0.25,4.67,49.38,5.013026035
2019-12-17 19:30:00,0.15,0.195,0.245,4.265,99.975,4.962339271
2019-12-17 20:00:00,0.15,0.19,0.24,3.86,150.57,4.869023352
2019-12-17 20:30:00,0.135,0.17,0.22,3.815,132.63,4.473057359
2019-12-17 21:00:00,0.12,0.15,0.2,3.77,114.69,3.985381218
2019-12-17 21:30:00,0.14,0.175,0.23,4.005,127.005,4.648185016
2019-12-17 22:00:00,0.16,0.2,0.26,4.24,139.32,5.233841204
2019-12-17 22:30:00,0.15,0.19,0.245,4.565,153.47,5.026124
2019-12-17 23:00:00,0.14,0.18,0.23,4.89,167.62,4.743191978
2019-12-17 23:30:00,0.155,0.2,0.26,4.8,158.095,5.297907007
2019-12-18 00:00:00,0.17,0.22,0.29,4.71,148.57,5.870266012
2019-12-18 00:30:00,0.18,0.23,0.305,5.0,158.275,6.08133346
2019-12-18 01:00:00,0.19,0.24,0.32,5.29,167.98,6.432445548
2019-12-18 01:30:00,0.205,0.26,0.34,5.29,168.295,6.746209264
2019-12-18 02:00:00,0.22,0.28,0.36,5.29,168.61,7.088665793
2019-12-18 02:30:00,0.255,0.32,0.415,5.29,151.005,8.271803103
2019-12-18 03:00:00,0.29,0.36,0.47,5.29,133.4,9.575126243
2019-12-18 03:30:00,0.32,0.405,0.525,5.185,130.515,10.69042335
2019-12-18 04:00:00,0.35,0.45,0.58,5.08,127.63,11.90356539
2019-12-18 04:30:00,0.345,0.445,0.57,4.94,145.245,11.9156343
2019-12-18 05:00:00,0.34,0.44,0.56,4.8,162.86,11.51718693
2019-12-18 05:30:00,0.33,0.425,0.545,4.485,141.89,11.40624408
2019-12-18 06:00:00,0.32,0.41,0.53,4.17,120.92,11.05258804
2019-12-18 06:30:00,0.32,0.41,0.525,3.97,132.875,11.0716897
2019-12-18 07:00:00,0.32,0.41,0.52,3.77,144.83,10.91898267
2019-12-18 07:30:00,0.305,0.385,0.495,3.755,107.185,10.59107685
2019-12-18 08:00:00,0.29,0.36,0.47,3.74,69.54,10.17837131
2019-12-18 08:30:00,0.285,0.355,0.46,4.205,97.225,9.975296481
2019-12-18 09:00:00,0.28,0.35,0.45,4.67,124.91,9.884322323
2019-12-18 09:30:00,0.285,0.355,0.46,4.475,129.8,10.03285376
2019-12-18 10:00:00,0.29,0.36,0.47,4.28,134.69,10.36236998
2019-12-18 10:30:00,0.3,0.375,0.49,4.21,90.295,10.75189151
2019-12-18 11:00:00,0.31,0.39,0.51,4.14,45.9,11.23998127
2019-12-18 11:30:00,0.285,0.36,0.465,4.425,79.375,10.21555781
2019-12-18 12:00:00,0.26,0.33,0.42,4.71,112.85,9.254619656
2019-12-18 12:30:00,0.285,0.365,0.465,4.345,66.685,10.4565454
2019-12-18 13:00:00,0.31,0.4,0.51,3.98,20.52,11.44262065
2019-12-18 13:30:00,0.32,0.41,0.525,4.81,71.525,11.79405931
2019-12-18 14:00:00,0.33,0.42,0.54,5.64,122.53,11.96340688
2019-12-18 14:30:00,0.31,0.395,0.51,4.65,119.155,11.64595099
2019-12-18 15:00:00,0.29,0.37,0.48,3.66,115.78,11.0241638
2019-12-18 15:30:00,0.29,0.37,0.475,4.275,140.1,10.8380854
2019-12-18 16:00:00,0.29,0.37,0.47,4.89,164.42,10.69651083
2019-12-18 16:30:00,0.28,0.36,0.46,4.495,171.005,10.39004668
2019-12-18 17:00:00,0.27,0.35,0.45,4.1,177.59,10.31008931
2019-12-18 17:30:00,0.295,0.375,0.485,4.12,149.265,11.02706099
2019-12-18 18:00:00,0.32,0.4,0.52,4.14,120.94,11.71523658
2019-12-18 18:30:00,0.31,0.39,0.505,4.245,96.48,11.42346804
2019-12-18 19:00:00,0.3,0.38,0.49,4.35,72.02,11.12636525
2019-12-18 19:30:00,0.295,0.375,0.485,4.295,127.19,11.00500321
2019-12-18 20:00:00,0.29,0.37,0.48,4.24,182.36,10.73070198
2019-12-18 20:30:00,0.275,0.355,0.455,4.765,184.555,10.0840153
2019-12-18 21:00:00,0.26,0.34,0.43,5.29,186.75,9.57669611
2019-12-18 21:30:00,0.25,0.325,0.415,4.56,161.645,9.207103488
2019-12-18 22:00:00,0.24,0.31,0.4,3.83,136.54,8.968487586
2019-12-18 22:30:00,0.235,0.3,0.385,5.25,157.765,8.496273504
2019-12-18 23:00:00,0.23,0.29,0.37,6.67,178.99,8.077781918
2019-12-18 23:30:00,0.22,0.275,0.355,6.585,164.55,7.652464592
2019-12-19 00:00:00,0.21,0.26,0.34,6.5,150.11,7.187545739
2019-12-19 00:30:00,0.215,0.27,0.345,5.255,135.185,7.223590857
2019-12-19 01:00:00,0.22,0.28,0.35,4.01,120.26,7.25693603
2019-12-19 01:30:00,0.23,0.295,0.37,5.135,135.315,7.707748977
2019-12-19 02:00:00,0.24,0.31,0.39,6.26,150.37,7.884370042
2019-12-19 02:30:00,0.235,0.3,0.38,5.595,146.795,7.59879756
2019-12-19 03:00:00,0.23,0.29,0.37,4.93,143.22,7.338864399
2019-12-19 03:30:00,0.25,0.32,0.41,4.755,120.94,7.943444808
2019-12-19 04:00:00,0.27,0.35,0.45,4.58,98.66,8.616910559
2019-12-19 04:30:00,0.27,0.35,0.45,5.11,89.015,8.307906273
2019-12-19 05:00:00,0.27,0.35,0.45,5.64,79.37,8.143732797
2019-12-19 05:30:00,0.29,0.375,0.48,4.855,75.57,8.685235823
2019-12-19 06:00:00,0.31,0.4,0.51,4.07,71.77,9.155972374
2019-12-19 06:30:00,0.305,0.39,0.5,4.305,110.485,8.897197193
2019-12-19 07:00:00,0.3,0.38,0.49,4.54,149.2,8.628045496
2019-12-19 07:30:00,0.29,0.37,0.475,4.09,159.25,8.439246241
2019-12-19 08:00:00,0.28,0.36,0.46,3.64,169.3,8.067722844
2019-12-19 08:30:00,0.28,0.355,0.455,3.81,119.02,7.900963044
2019-12-19 09:00:00,0.28,0.35,0.45,3.98,68.74,7.716569646
2019-12-19 09:30:00,0.265,0.33,0.425,4.11,85.53,7.384132318
2019-12-19 10:00:00,0.25,0.31,0.4,4.24,102.32,6.715575682
2019-12-19 10:30:00,0.265,0.33,0.425,4.52,169.45,6.956747983
2019-12-19 11:00:00,0.28,0.35,0.45,4.8,236.58,7.24862447
2019-12-19 11:30:00,0.285,0.355,0.46,4.27,180.69,7.347603835
2019-12-19 12:00:00,0.29,0.36,0.47,3.74,124.8,7.584010697
2019-12-19 12:30:00,0.29,0.36,0.47,3.77,129.705,7.528200427
2019-12-19 13:00:00,0.29,0.36,0.47,3.8,134.61,7.438907963
2019-12-19 13:30:00,0.28,0.35,0.455,4.19,106.925,7.225625845
2019-12-19 14:00:00,0.27,0.34,0.44,4.58,79.24,6.770708679
2019-12-19 14:30:00,0.27,0.345,0.445,5.24,45.49,6.771418597
2019-12-19 15:00:00,0.27,0.35,0.45,5.9,11.74,6.981343338
2019-12-19 15:30:00,0.26,0.33,0.425,6.52,61.49,6.597628185
2019-12-19 16:00:00,0.25,0.31,0.4,7.14,111.24,6.240225677
2019-12-19 16:30:00,0.24,0.3,0.39,5.485,63.67,5.948501127
2019-12-19 17:00:00,0.23,0.29,0.38,3.83,16.1,5.757356831
2019-12-19 17:30:00,0.24,0.305,0.395,3.965,61.055,6.069161945
2019-12-19 18:00:00,0.25,0.32,0.41,4.1,106.01,6.29655477
2019-12-19 18:30:00,0.235,0.3,0.38,4.12,130.875,5.788134397
2019-12-19 19:00:00,0.22,0.28,0.35,4.14,155.74,5.314829842
2019-12-19 19:30:00,0.215,0.275,0.35,5.32,151.885,5.177773606
2019-12-19 20:00:00,0.21,0.27,0.35,6.5,148.03,5.254712157
2019-12-19 20:30:00,0.19,0.245,0.315,5.11,152.31,4.801016644
2019-12-19 21:00:00,0.17,0.22,0.28,3.72,156.59,4.180996409
2019-12-19 21:30:00,0.155,0.2,0.255,3.655,84.095,3.861340524
2019-12-19 22:00:00,0.14,0.18,0.23,3.59,11.6,3.524430393
2019-12-19 22:30:00,0.14,0.18,0.23,4.495,81.19,3.577391544
2019-12-19 23:00:00,0.14,0.18,0.23,5.4,150.78,3.582606646
2019-12-19 23:30:00,0.135,0.17,0.22,5.055,162.63,3.479537384
2019-12-20 00:00:00,0.13,0.16,0.21,4.71,174.48,3.231781762
2019-12-20 00:30:00,0.14,0.175,0.225,4.24,187.71,3.391173759
2019-12-20 01:00:00,0.15,0.19,0.24,3.77,200.94,3.606010664
2019-12-20 01:30:00,0.16,0.205,0.26,4.195,194.34,3.800712599
2019-12-20 02:00:00,0.17,0.22,0.28,4.62,187.74,4.178136235
2019-12-20 02:30:00,0.195,0.25,0.32,4.56,100.17,4.642627575
2019-12-20 03:00:00,0.22,0.28,0.36,4.5,12.6,5.138176906
2019-12-20 03:30:00,0.255,0.325,0.42,4.605,63.76,6.071105284
2019-12-20 04:00:00,0.29,0.37,0.48,4.71,114.92,7.018869554
2019-12-20 04:30:00,0.27,0.34,0.44,4.33,62.57,6.530934938
2019-12-20 05:00:00,0.25,0.31,0.4,3.95,10.22,6.102397553
2019-12-20 05:30:00,0.24,0.3,0.385,4.35,83.41,5.75340654
2019-12-20 06:00:00,0.23,0.29,0.37,4.75,156.6,5.389954889
2019-12-20 06:30:00,0.245,0.31,0.4,4.48,134.57,5.84754193
2019-12-20 07:00:00,0.26,0.33,0.43,4.21,112.54,6.243244661
2019-12-20 07:30:00,0.25,0.315,0.41,4.355,93.735,5.962711547
2019-12-20 08:00:00,0.24,0.3,0.39,4.5,74.93,5.620012441
2019-12-20 08:30:00,0.235,0.295,0.385,4.605,80.47,5.448256742
2019-12-20 09:00:00,0.23,0.29,0.38,4.71,86.01,5.329908117
2019-12-20 09:30:00,0.21,0.27,0.35,4.27,106.77,4.796379481
2019-12-20 10:00:00,0.19,0.25,0.32,3.83,127.53,4.245687416
2019-12-20 10:30:00,0.215,0.275,0.355,4.645,104.085,4.607317445
2019-12-20 11:00:00,0.24,0.3,0.39,5.46,80.64,5.006456084
2019-12-20 11:30:00,0.235,0.295,0.385,4.69,89.035,4.91135254
2019-12-20 12:00:00,0.23,0.29,0.38,3.92,97.43,4.843421849
2019-12-20 12:30:00,0.245,0.31,0.405,4.69,114.395,5.17664564
2019-12-20 13:00:00,0.26,0.33,0.43,5.46,131.36,5.515923034
2019-12-20 13:30:00,0.265,0.34,0.44,5.32,117.01,5.511461899
2019-12-20 14:00:00,0.27,0.35,0.45,5.18,102.66,5.633597563
2019-12-20 14:30:00,0.26,0.335,0.43,5.32,99.905,5.391405587
2019-12-20 15:00:00,0.25,0.32,0.41,5.46,97.15,5.109149805
2019-12-20 15:30:00,0.235,0.3,0.385,5.04,96.115,4.564936274
2019-12-20 16:00:00,0.22,0.28,0.36,4.62,95.08,4.159206955
2019-12-20 16:30:00,0.205,0.26,0.335,4.255,81.955,3.811846439
2019-12-20 17:00:00,0.19,0.24,0.31,3.89,68.83,3.475869444
2019-12-20 17:30:00,0.19,0.245,0.315,4.065,57.245,3.474643322
2019-12-20 18:00:00,0.19,0.25,0.32,4.24,45.66,3.568415372
2019-12-20 18:30:00,0.18,0.235,0.3,4.275,194.855,3.30342765
2019-12-20 19:00:00,0.17,0.22,0.28,4.31,344.05,3.109734918
2019-12-20 19:30:00,0.155,0.2,0.255,4.775,251.22,2.847308226
2019-12-20 20:00:00,0.14,0.18,0.23,5.24,158.39,2.49124843
2019-12-20 20:30:00,0.135,0.17,0.22,4.87,134.91,2.380630644
2019-12-20 21:00:00,0.13,0.16,0.21,4.5,111.43,2.238592075
2019-12-20 21:30:00,0.12,0.15,0.195,5.2,133.31,2.105223259
2019-12-20 22:00:00,0.11,0.14,0.18,5.9,155.19,1.899820507
2019-12-20 22:30:00,0.105,0.135,0.17,5.8,146.19,1.781921808
2019-12-20 23:00:00,0.1,0.13,0.16,5.7,137.19,1.670564932
2019-12-20 23:30:00,0.11,0.14,0.175,5.295,162.68,1.78255475
2019-12-21 00:00:00,0.12,0.15,0.19,4.89,188.17,1.977595791
2019-12-21 00:30:00,0.13,0.165,0.21,4.8,155.705,2.231144382
2019-12-21 01:00:00,0.14,0.18,0.23,4.71,123.24,2.44948638
2019-12-21 01:30:00,0.15,0.19,0.245,4.39,115.585,2.632249394
2019-12-21 02:00:00,0.16,0.2,0.26,4.07,107.93,2.817452186
2019-12-21 02:30:00,0.175,0.225,0.29,4.68,83.595,2.993896808
2019-12-21 03:00:00,0.19,0.25,0.32,5.29,59.26,3.377022832
2019-12-21 03:30:00,0.225,0.29,0.37,5.435,47.995,3.764781141
2019-12-21 04:00:00,0.26,0.33,0.42,5.58,36.73,4.354134414
2019-12-21 04:30:00,0.25,0.315,0.405,4.93,55.715,4.355028289
2019-12-21 05:00:00,0.24,0.3,0.39,4.28,74.7,4.275335748
2019-12-21 05:30:00,0.235,0.295,0.38,4.225,99.545,4.19711751
2019-12-21 06:00:00,0.23,0.29,0.37,4.17,124.39,4.16091619
2019-12-21 06:30:00,0.235,0.295,0.38,4.28,106.965,4.348605068
2019-12-21 07:00:00,0.24,0.3,0.39,4.39,89.54,4.509591519
2019-12-21 07:30:00,0.23,0.29,0.375,5.145,59.505,4.297761037
2019-12-21 08:00:00,0.22,0.28,0.36,5.9,29.47,4.124173468
2019-12-21 08:30:00,0.235,0.3,0.385,4.81,65.395,4.522503106
2019-12-21 09:00:00,0.25,0.32,0.41,3.72,101.32,4.747605665
2019-12-21 09:30:00,0.255,0.325,0.42,4.09,90.425,5.081443988
2019-12-21 10:00:00,0.26,0.33,0.43,4.46,79.53,5.34228291
2019-12-21 10:30:00,0.245,0.31,0.405,4.5,92.84,5.112794168
2019-12-21 11:00:00,0.23,0.29,0.38,4.54,106.15,4.736073771
2019-12-21 11:30:00,0.215,0.275,0.355,4.155,75.52,4.5668573
2019-12-21 12:00:00,0.2,0.26,0.33,3.77,44.89,4.345443194
2019-12-21 12:30:00,0.205,0.265,0.34,3.845,51.645,4.537152172
2019-12-21 13:00:00,0.21,0.27,0.35,3.92,58.4,4.645074966
2019-12-21 13:30:00,0.195,0.25,0.32,4.08,50.365,4.263097251
2019-12-21 14:00:00,0.18,0.23,0.29,4.24,42.33,3.981852766
2019-12-21 14:30:00,0.165,0.205,0.265,4.41,183.805,3.637535051
2019-12-21 15:00:00,0.15,0.18,0.24,4.58,325.28,3.3352665
2019-12-21 15:30:00,0.145,0.18,0.235,4.085,183.865,3.204691852
2019-12-21 16:00:00,0.14,0.18,0.23,3.59,42.45,3.135853222
2019-12-21 16:30:00,0.13,0.165,0.21,4.415,105.88,2.846985766
2019-12-21 17:00:00,0.12,0.15,0.19,5.24,169.31,2.712459794
2019-12-21 17:30:00,0.12,0.155,0.195,4.775,136.36,2.819693185
2019-12-21 18:00:00,0.12,0.16,0.2,4.31,103.41,2.918001979
2019-12-21 18:30:00,0.1,0.135,0.17,4.51,128.33,2.505137884
2019-12-21 19:00:00,0.08,0.11,0.14,4.71,153.25,2.084838344
2019-12-21 19:30:00,0.1,0.13,0.165,4.605,158.01,2.531600342
2019-12-21 20:00:00,0.12,0.15,0.19,4.5,162.77,2.92083791
2019-12-21 20:30:00,0.14,0.18,0.23,4.18,129.56,3.507911896
2019-12-21 21:00:00,0.16,0.21,0.27,3.86,96.35,4.259278661
2019-12-21 21:30:00,0.195,0.255,0.325,4.16,68.69,5.203106609
2019-12-21 22:00:00,0.23,0.3,0.38,4.46,41.03,6.187166349
2019-12-21 22:30:00,0.26,0.33,0.425,4.1,180.525,6.780018292
2019-12-21 23:00:00,0.29,0.36,0.47,3.74,320.02,7.478832266
2019-12-21 23:30:00,0.295,0.37,0.48,4.36,256.21,7.661840708
2019-12-22 00:00:00,0.3,0.38,0.49,4.98,192.4,7.869490501
2019-12-22 00:30:00,0.275,0.35,0.455,5.28,160.775,7.385946774
2019-12-22 01:00:00,0.25,0.32,0.42,5.58,129.15,6.795922579
2019-12-22 01:30:00,0.25,0.32,0.415,4.985,127.23,6.565161988
2019-12-22 02:00:00,0.25,0.32,0.41,4.39,125.31,6.490503364
2019-12-22 02:30:00,0.265,0.34,0.44,4.64,122.115,6.919685833
2019-12-22 03:00:00,0.28,0.36,0.47,4.89,118.92,7.18652614
2019-12-22 03:30:00,0.27,0.345,0.45,4.62,128.02,6.836165326
2019-12-22 04:00:00,0.26,0.33,0.43,4.35,137.12,6.547016006
2019-12-22 04:30:00,0.24,0.305,0.4,4.665,142.18,6.068821215
2019-12-22 05:00:00,0.22,0.28,0.37,4.98,147.24,5.531524477
2019-12-22 05:30:00,0.225,0.29,0.375,5.03,148.11,5.707623357
2019-12-22 06:00:00,0.23,0.3,0.38,5.08,148.98,5.792106132
2019-12-22 06:30:00,0.235,0.3,0.385,4.83,118.55,5.676989117
2019-12-22 07:00:00,0.24,0.3,0.39,4.58,88.12,5.789201711
2019-12-22 07:30:00,0.255,0.32,0.415,4.445,127.885,6.152886398
2019-12-22 08:00:00,0.27,0.34,0.44,4.31,167.65,6.572196582
2019-12-22 08:30:00,0.285,0.36,0.465,4.945,171.07,7.03153878
2019-12-22 09:00:00,0.3,0.38,0.49,5.58,174.49,7.306870251
2019-12-22 09:30:00,0.3,0.38,0.49,4.875,113.945,7.176855734
2019-12-22 10:00:00,0.3,0.38,0.49,4.17,53.4,7.068963707
2019-12-22 10:30:00,0.28,0.355,0.455,4.135,54.705,6.629296038
2019-12-22 11:00:00,0.26,0.33,0.42,4.1,56.01,6.120973316
2019-12-22 11:30:00,0.265,0.335,0.43,4.405,85.715,6.333808887
2019-12-22 12:00:00,0.27,0.34,0.44,4.71,115.42,6.548907416
2019-12-22 12:30:00,0.275,0.345,0.445,4.605,223.415,6.686771792
2019-12-22 13:00:00,0.28,0.35,0.45,4.5,331.41,6.925389389
2019-12-22 13:30:00,0.26,0.33,0.425,5.345,241.25,6.641697977
2019-12-22 14:00:00,0.24,0.31,0.4,6.19,151.09,6.296651383
2019-12-22 14:30:00,0.215,0.28,0.36,5.01,146.965,5.649750371
2019-12-22 15:00:00,0.19,0.25,0.32,3.83,142.84,5.030931417
2019-12-22 15:30:00,0.195,0.25,0.32,5.085,157.425,4.991697823
2019-12-22 16:00:00,0.2,0.25,0.32,6.34,172.01,5.003910925
2019-12-22 16:30:00,0.185,0.23,0.295,6.38,175.525,4.670075742
2019-12-22 17:00:00,0.17,0.21,0.27,6.42,179.04,4.288148558
2019-12-22 17:30:00,0.16,0.2,0.26,6.23,165.54,4.160361485
2019-12-22 18:00:00,0.15,0.19,0.25,6.04,152.04,4.038021256
2019-12-22 18:30:00,0.16,0.205,0.265,6.4,159.72,4.380290193
2019-12-22 19:00:00,0.17,0.22,0.28,6.76,167.4,4.512164945
2019-12-22 19:30:00,0.185,0.24,0.305,6.55,167.305,4.945354324
2019-12-22 20:00:00,0.2,0.26,0.33,6.34,167.21,5.378107794
2019-12-22 20:30:00,0.22,0.28,0.36,5.99,168.88,6.015627242
2019-12-22 21:00:00,0.24,0.3,0.39,5.64,170.55,6.516120157
2019-12-22 21:30:00,0.27,0.34,0.435,4.995,136.585,7.309390527
2019-12-22 22:00:00,0.3,0.38,0.48,4.35,102.62,8.287408421
2019-12-22 22:30:00,0.315,0.405,0.515,4.55,107.445,8.990191166
2019-12-22 23:00:00,0.33,0.43,0.55,4.75,112.27,9.480301714
2019-12-22 23:30:00,0.32,0.41,0.525,5.165,127.75,9.177231918
2019-12-23 00:00:00,0.31,0.39,0.5,5.58,143.23,8.933569586
2019-12-23 00:30:00,0.3,0.38,0.49,5.81,168.26,8.877170122
2019-12-23 01:00:00,0.29,0.37,0.48,6.04,193.29,8.768969069
2019-12-23 01:30:00,0.275,0.35,0.45,5.56,167.525,8.261024778
2019-12-23 02:00:00,0.26,0.33,0.42,5.08,141.76,7.743031639
2019-12-23 02:30:00,0.27,0.345,0.44,4.37,169.195,8.302088729
2019-12-23 03:00:00,0.28,0.36,0.46,3.66,196.63,8.735311901
2019-12-23 03:30:00,0.275,0.35,0.445,4.885,174.75,8.625561162
2019-12-23 04:00:00,0.27,0.34,0.43,6.11,152.87,8.438644365
2019-12-23 04:30:00,0.27,0.34,0.435,6.005,149.685,8.532797258
2019-12-23 05:00:00,0.27,0.34,0.44,5.9,146.5,8.635954126
2019-12-23 05:30:00,0.265,0.335,0.43,4.97,140.52,8.410317934
2019-12-23 06:00:00,0.26,0.33,0.42,4.04,134.54,8.126727492
2019-12-23 06:30:00,0.275,0.35,0.45,5.19,135.875,8.736590259
2019-12-23 07:00:00,0.29,0.37,0.48,6.34,137.21,9.545649936
2019-12-23 07:30:00,0.29,0.37,0.475,6.42,129.165,9.571420561
2019-12-23 08:00:00,0.29,0.37,0.47,6.5,121.12,9.323877554
2019-12-23 08:30:00,0.31,0.395,0.505,5.355,75.535,9.910226348
2019-12-23 09:00:00,0.33,0.42,0.54,4.21,29.95,10.48620925
2019-12-23 09:30:00,0.355,0.45,0.575,5.575,98.64,11.18422077
2019-12-23 10:00:00,0.38,0.48,0.61,6.94,167.33,11.85235196
2019-12-23 10:30:00,0.375,0.475,0.605,6.72,177.74,11.796467
2019-12-23 11:00:00,0.37,0.47,0.6,6.5,188.15,11.7737478
2019-12-23 11:30:00,0.345,0.44,0.565,6.585,170.93,10.88900563
2019-12-23 12:00:00,0.32,0.41,0.53,6.67,153.71,9.996592944
2019-12-23 12:30:00,0.315,0.4,0.515,6.32,152.375,9.844770343
2019-12-23 13:00:00,0.31,0.39,0.5,5.97,151.04,9.633151801
2019-12-23 13:30:00,0.3,0.375,0.48,6.365,152.625,9.24744867
2019-12-23 14:00:00,0.29,0.36,0.46,6.76,154.21,8.74716446
2019-12-23 14:30:00,0.305,0.38,0.485,6.675,160.91,9.267750245
2019-12-23 15:00:00,0.32,0.4,0.51,6.59,167.61,9.774846275
2019-12-23 15:30:00,0.305,0.385,0.49,6.505,167.085,9.332128317
2019-12-23 16:00:00,0.29,0.37,0.47,6.42,166.56,8.945603084
2019-12-23 16:30:00,0.285,0.365,0.465,6.545,165.345,8.844860115
2019-12-23 17:00:00,0.28,0.36,0.46,6.67,164.13,8.573163058
2019-12-23 17:30:00,0.275,0.355,0.45,6.545,165.045,8.275150589
2019-12-23 18:00:00,0.27,0.35,0.44,6.42,165.96,7.894866042
2019-12-23 18:30:00,0.24,0.305,0.385,6.505,157.845,6.733072955
2019-12-23 19:00:00,0.21,0.26,0.33,6.59,149.73,5.758954378
2019-12-23 19:30:00,0.24,0.3,0.385,6.72,169.015,6.524390405
2019-12-23 20:00:00,0.27,0.34,0.44,6.85,188.3,7.507369853
2019-12-23 20:30:00,0.3,0.375,0.485,6.995,173.23,8.079611689
2019-12-23 21:00:00,0.33,0.41,0.53,7.14,158.16,8.998119484
2019-12-23 21:30:00,0.33,0.415,0.535,5.945,163.815,9.033481776
2019-12-23 22:00:00,0.33,0.42,0.54,4.75,169.47,8.847485799
2019-12-23 22:30:00,0.34,0.435,0.56,4.495,174.27,9.120202002
2019-12-23 23:00:00,0.35,0.45,0.58,4.24,179.07,9.219704368
2019-12-23 23:30:00,0.35,0.445,0.575,5.5,176.625,9.27903979
2019-12-24 00:00:00,0.35,0.44,0.57,6.76,174.18,9.283191279
2019-12-24 00:30:00,0.31,0.39,0.505,7.05,157.6,8.25028881
2019-12-24 01:00:00,0.27,0.34,0.44,7.34,141.02,7.160670737
2019-12-24 01:30:00,0.285,0.36,0.46,7.14,147.28,7.602601589
2019-12-24 02:00:00,0.3,0.38,0.48,6.94,153.54,7.726595235
2019-12-24 02:30:00,0.36,0.455,0.58,7.195,156.85,9.287744129
2019-12-24 03:00:00,0.42,0.53,0.68,7.45,160.16,10.80467342
2019-12-24 03:30:00,0.39,0.495,0.635,7.195,164.605,10.10302377
2019-12-24 04:00:00,0.36,0.46,0.59,6.94,169.05,9.200514413
2019-12-24 04:30:00,0.35,0.45,0.575,7.14,173.32,8.852189168
2019-12-24 05:00:00,0.34,0.44,0.56,7.34,177.59,8.518790457
2019-12-24 05:30:00,0.35,0.45,0.57,7.14,171.6,8.822681959
2019-12-24 06:00:00,0.36,0.46,0.58,6.94,165.61,9.161500236
2019-12-24 06:30:00,0.365,0.465,0.59,7.04,161.88,9.207865627
2019-12-24 07:00:00,0.37,0.47,0.6,7.14,158.15,9.532266107
2019-12-24 07:30:00,0.345,0.435,0.555,6.245,140.65,8.822628326
2019-12-24 08:00:00,0.32,0.4,0.51,5.35,123.15,8.234636396
2019-12-24 08:30:00,0.36,0.455,0.58,5.885,152.37,9.297369743
2019-12-24 09:00:00,0.4,0.51,0.65,6.42,181.59,10.32676347
2019-12-24 09:30:00,0.385,0.49,0.63,6.46,171.815,9.906204157
2019-12-24 10:00:00,0.37,0.47,0.61,6.5,162.04,9.742234465
2019-12-24 10:30:00,0.385,0.485,0.63,6.77,134.73,10.20280352
2019-12-24 11:00:00,0.4,0.5,0.65,7.04,107.42,10.57493406
2019-12-24 11:30:00,0.4,0.5,0.645,6.9,144.115,10.43935564
2019-12-24 12:00:00,0.4,0.5,0.64,6.76,180.81,10.38392327
2019-12-24 12:30:00,0.38,0.475,0.61,6.51,166.745,9.781079961
2019-12-24 13:00:00,0.36,0.45,0.58,6.26,152.68,9.286375572
2019-12-24 13:30:00,0.325,0.41,0.53,5.42,117.2,8.459287302
2019-12-24 14:00:00,0.29,0.37,0.48,4.58,81.72,7.852884681
2019-12-24 14:30:00,0.28,0.36,0.465,5.67,124.785,7.469158311
2019-12-24 15:00:00,0.27,0.35,0.45,6.76,167.85,7.347401302
2019-12-24 15:30:00,0.29,0.375,0.48,6.76,170.235,7.772826421
2019-12-24 16:00:00,0.31,0.4,0.51,6.76,172.62,8.416253597
2019-12-24 16:30:00,0.305,0.39,0.495,6.95,168.8,8.252811546
2019-12-24 17:00:00,0.3,0.38,0.48,7.14,164.98,8.044530337
2019-12-24 17:30:00,0.3,0.38,0.485,6.95,164.65,8.014633923
2019-12-24 18:00:00,0.3,0.38,0.49,6.76,164.32,8.14704227
2019-12-24 18:30:00,0.315,0.4,0.515,6.33,168.72,8.57211084
2019-12-24 19:00:00,0.33,0.42,0.54,5.9,173.12,8.879535722
2019-12-24 19:30:00,0.31,0.39,0.505,6.245,175.69,8.168314699
2019-12-24 20:00:00,0.29,0.36,0.47,6.59,178.26,7.648405805
2019-12-24 20:30:00,0.305,0.385,0.5,5.315,177.45,8.307885617
2019-12-24 21:00:00,0.32,0.41,0.53,4.04,176.64,8.828374051
2019-12-24 21:30:00,0.365,0.465,0.6,3.965,163.52,9.924873552
2019-12-24 22:00:00,0.41,0.52,0.67,3.89,150.4,10.95046763
2019-12-24 22:30:00,0.37,0.465,0.6,4.12,165.185,9.703025749
2019-12-24 23:00:00,0.33,0.41,0.53,4.35,179.97,8.336903829
2019-12-24 23:30:00,0.335,0.42,0.54,4.21,168.43,8.477394467
2019-12-25 00:00:00,0.34,0.43,0.55,4.07,156.89,8.623708848
2019-12-25 00:30:00,0.325,0.41,0.525,5.165,134.85,8.315214038
2019-12-25 01:00:00,0.31,0.39,0.5,6.26,112.81,7.935357819
2019-12-25 01:30:00,0.33,0.415,0.535,6.555,111.87,8.27626839
2019-12-25 02:00:00,0.35,0.44,0.57,6.85,110.93,8.852331675
2019-12-25 02:30:00,0.35,0.44,0.57,6.805,128.655,8.827515568
2019-12-25 03:00:00,0.35,0.44,0.57,6.76,146.38,8.669423082
2019-12-25 03:30:00,0.35,0.44,0.565,6.95,156.78,8.45898385
2019-12-25 04:00:00,0.35,0.44,0.56,7.14,167.18,8.27056706
2019-12-25 04:30:00,0.365,0.46,0.585,6.36,159.645,8.506949105
2019-12-25 05:00:00,0.38,0.48,0.61,5.58,152.11,8.73184973
2019-12-25 05:30:00,0.38,0.48,0.615,5.38,155.58,8.820020139
2019-12-25 06:00:00,0.38,0.48,0.62,5.18,159.05,8.802954811
2019-12-25 06:30:00,0.38,0.48,0.615,4.99,114.77,8.654218702
2019-12-25 07:00:00,0.38,0.48,0.61,4.8,70.49,8.459677533
2019-12-25 07:30:00,0.36,0.455,0.585,5.78,129.305,7.862842393
2019-12-25 08:00:00,0.34,0.43,0.56,6.76,188.12,7.463762402
2019-12-25 08:30:00,0.355,0.45,0.58,5.485,180.9,7.49864205
2019-12-25 09:00:00,0.37,0.47,0.6,4.21,173.68,7.596757425
2019-12-25 09:30:00,0.365,0.46,0.59,5.16,174.145,7.480014947
2019-12-25 10:00:00,0.36,0.45,0.58,6.11,174.61,7.389808594
2019-12-25 10:30:00,0.36,0.45,0.58,6.39,169.64,7.367080958
2019-12-25 11:00:00,0.36,0.45,0.58,6.67,164.67,7.369572149
2019-12-25 11:30:00,0.36,0.455,0.58,7.005,173.265,7.211273582
2019-12-25 12:00:00,0.36,0.46,0.58,7.34,181.86,7.04417138
2019-12-25 12:30:00,0.335,0.43,0.545,7.29,185.46,6.530819341
2019-12-25 13:00:00,0.31,0.4,0.51,7.24,189.06,6.056877987
2019-12-25 13:30:00,0.295,0.38,0.485,7.14,182.45,5.929264261
2019-12-25 14:00:00,0.28,0.36,0.46,7.04,175.84,5.560844042
2019-12-25 14:30:00,0.275,0.355,0.45,6.945,159.535,5.281350717
2019-12-25 15:00:00,0.27,0.35,0.44,6.85,143.23,5.081070426
2019-12-25 15:30:00,0.27,0.345,0.435,6.945,160.995,5.001397065
2019-12-25 16:00:00,0.27,0.34,0.43,7.04,178.76,4.923899879
2019-12-25 16:30:00,0.27,0.34,0.43,6.9,171.635,4.923587604
2019-12-25 17:00:00,0.27,0.34,0.43,6.76,164.51,5.168322652
2019-12-25 17:30:00,0.255,0.325,0.415,7.16,183.36,4.921883261
2019-12-25 18:00:00,0.24,0.31,0.4,7.56,202.21,4.728279229
2019-12-25 18:30:00,0.27,0.345,0.44,7.25,178.205,5.378435874
2019-12-25 19:00:00,0.3,0.38,0.48,6.94,154.2,5.91759733
2019-12-25 19:30:00,0.3,0.38,0.485,6.895,158.955,6.11723693
2019-12-25 20:00:00,0.3,0.38,0.49,6.85,163.71,6.078032615
2019-12-25 20:30:00,0.305,0.39,0.495,6.945,170.735,6.311977042
2019-12-25 21:00:00,0.31,0.4,0.5,7.04,177.76,6.500310628
2019-12-25 21:30:00,0.35,0.45,0.565,6.73,181.4,7.356997087
2019-12-25 22:00:00,0.39,0.5,0.63,6.42,185.04,8.256052485
2019-12-25 22:30:00,0.39,0.5,0.635,6.125,172.37,8.469978046
2019-12-25 23:00:00,0.39,0.5,0.64,5.83,159.7,8.73516629
2019-12-25 23:30:00,0.395,0.505,0.645,6.25,172.625,8.975830443
2019-12-26 00:00:00,0.4,0.51,0.65,6.67,185.55,9.275165832
2019-12-26 00:30:00,0.37,0.47,0.6,7.005,192.005,8.619198517
2019-12-26 01:00:00,0.34,0.43,0.55,7.34,198.46,7.884388713
2019-12-26 01:30:00,0.335,0.425,0.54,7.395,181.085,7.741997869
2019-12-26 02:00:00,0.33,0.42,0.53,7.45,163.71,7.680331634
2019-12-26 02:30:00,0.335,0.425,0.54,7.195,163.36,7.843403164
2019-12-26 03:00:00,0.34,0.43,0.55,6.94,163.01,8.314538088
2019-12-26 03:30:00,0.34,0.435,0.555,7.14,162.445,8.606086308
2019-12-26 04:00:00,0.34,0.44,0.56,7.34,161.88,8.798707394
2019-12-26 04:30:00,0.355,0.455,0.58,7.005,164.67,8.985592709
2019-12-26 05:00:00,0.37,0.47,0.6,6.67,167.46,9.502356865
2019-12-26 05:30:00,0.37,0.47,0.595,6.76,179.895,9.689579951
2019-12-26 06:00:00,0.37,0.47,0.59,6.85,192.33,9.752162881
2019-12-26 06:30:00,0.35,0.445,0.565,7.095,186.095,9.319098268
2019-12-26 07:00:00,0.33,0.42,0.54,7.34,179.86,8.850939588
2019-12-26 07:30:00,0.345,0.44,0.565,7.29,174.11,9.191590761
2019-12-26 08:00:00,0.36,0.46,0.59,7.24,168.36,9.575984393
2019-12-26 08:30:00,0.35,0.445,0.57,6.87,161.49,9.328664073
2019-12-26 09:00:00,0.34,0.43,0.55,6.5,154.62,8.970745459
2019-12-26 09:30:00,0.36,0.455,0.58,5.54,166.875,9.725660013
2019-12-26 10:00:00,0.38,0.48,0.61,4.58,179.13,10.09616611
2019-12-26 10:30:00,0.34,0.435,0.555,4.99,168.91,9.235291185
2019-12-26 11:00:00,0.3,0.39,0.5,5.4,158.69,8.430420154
2019-12-26 11:30:00,0.305,0.395,0.505,6.17,168.275,8.452519757
2019-12-26 12:00:00,0.31,0.4,0.51,6.94,177.86,8.545769317
2019-12-26 12:30:00,0.31,0.395,0.505,6.765,161.26,8.588033363
2019-12-26 13:00:00,0.31,0.39,0.5,6.59,144.66,8.574508495
2019-12-26 13:30:00,0.285,0.36,0.465,6.915,159.94,7.847402406
2019-12-26 14:00:00,0.26,0.33,0.43,7.24,175.22,7.117927243
2019-12-26 14:30:00,0.235,0.3,0.385,7.09,185.05,6.382988919
2019-12-26 15:00:00,0.21,0.27,0.34,6.94,194.88,5.729338918
2019-12-26 15:30:00,0.215,0.275,0.35,6.455,163.885,5.934591979
2019-12-26 16:00:00,0.22,0.28,0.36,5.97,132.89,6.103144908
2019-12-26 16:30:00,0.205,0.26,0.335,6.365,150.595,5.606381464
2019-12-26 17:00:00,0.19,0.24,0.31,6.76,168.3,5.160346292
2019-12-26 17:30:00,0.195,0.25,0.32,6.9,171.13,5.31351683
2019-12-26 18:00:00,0.2,0.26,0.33,7.04,173.96,5.511052039
2019-12-26 18:30:00,0.21,0.27,0.34,7.09,173.635,5.73096063
2019-12-26 19:00:00,0.22,0.28,0.35,7.14,173.31,5.935224846
2019-12-26 19:30:00,0.25,0.315,0.4,7.19,170.195,6.904313596
2019-12-26 20:00:00,0.28,0.35,0.45,7.24,167.08,7.686132333
2019-12-26 20:30:00,0.285,0.36,0.46,6.83,161.98,7.790896347
2019-12-26 21:00:00,0.29,0.37,0.47,6.42,156.88,7.97185604
2019-12-26 21:30:00,0.305,0.385,0.49,6.505,164.265,8.229237933
2019-12-26 22:00:00,0.32,0.4,0.51,6.59,171.65,8.448001782
2019-12-26 22:30:00,0.345,0.435,0.56,5.47,257.995,9.235904254
2019-12-26 23:00:00,0.37,0.47,0.61,4.35,344.34,10.06137373
2019-12-26 23:30:00,0.355,0.45,0.58,4.935,248.86,9.423764818
2019-12-27 00:00:00,0.34,0.43,0.55,5.52,153.38,8.920430698
2019-12-27 00:30:00,0.35,0.44,0.565,6.01,167.05,9.037311852
2019-12-27 01:00:00,0.36,0.45,0.58,6.5,180.72,9.407316515
2019-12-27 01:30:00,0.335,0.425,0.545,6.46,169.565,9.003204754
2019-12-27 02:00:00,0.31,0.4,0.51,6.42,158.41,8.410675639
2019-12-27 02:30:00,0.315,0.405,0.52,5.75,188.65,8.719650408
2019-12-27 03:00:00,0.32,0.41,0.53,5.08,218.89,8.855303197
2019-12-27 03:30:00,0.32,0.41,0.525,6.375,185.845,8.798165392
2019-12-27 04:00:00,0.32,0.41,0.52,7.67,152.8,8.708196605
2019-12-27 04:30:00,0.31,0.395,0.505,6.855,145.875,8.589834254
2019-12-27 05:00:00,0.3,0.38,0.49,6.04,138.95,8.425825996
2019-12-27 05:30:00,0.31,0.395,0.51,6.69,149.725,8.802913966
2019-12-27 06:00:00,0.32,0.41,0.53,7.34,160.5,9.255888103
2019-12-27 06:30:00,0.34,0.43,0.555,6.345,161.63,9.705826858
2019-12-27 07:00:00,0.36,0.45,0.58,5.35,162.76,10.04024934
2019-12-27 07:30:00,0.355,0.445,0.57,6.4,161.38,10.15899551
2019-12-27 08:00:00,0.35,0.44,0.56,7.45,160.0,10.07949764
2019-12-27 08:30:00,0.36,0.455,0.58,6.425,157.895,10.57737589
2019-12-27 09:00:00,0.37,0.47,0.6,5.4,155.79,10.92885185
2019-12-27 09:30:00,0.365,0.465,0.595,4.77,138.51,11.11119471
2019-12-27 10:00:00,0.36,0.46,0.59,4.14,121.23,11.18286047
2019-12-27 10:30:00,0.32,0.41,0.525,3.97,122.49,9.909369467
2019-12-27 11:00:00,0.28,0.36,0.46,3.8,123.75,8.680472046
2019-12-27 11:30:00,0.295,0.375,0.48,4.66,133.94,9.135740718
2019-12-27 12:00:00,0.31,0.39,0.5,5.52,144.13,9.726698971
2019-12-27 12:30:00,0.305,0.39,0.5,4.935,141.795,9.85796213
2019-12-27 13:00:00,0.3,0.39,0.5,4.35,139.46,10.09834433
2019-12-27 13:30:00,0.28,0.36,0.46,5.27,139.06,9.23542187
2019-12-27 14:00:00,0.26,0.33,0.42,6.19,138.66,8.655260461
2019-12-27 14:30:00,0.255,0.325,0.415,4.965,245.24,8.52552787
2019-12-27 15:00:00,0.25,0.32,0.41,3.74,351.82,8.426655272
2019-12-27 15:30:00,0.215,0.275,0.355,5.205,271.18,7.31313194
2019-12-27 16:00:00,0.18,0.23,0.3,6.67,190.54,6.273630957
2019-12-27 16:30:00,0.185,0.235,0.305,6.25,187.485,6.436245253
2019-12-27 17:00:00,0.19,0.24,0.31,5.83,184.43,6.566423805
2019-12-27 17:30:00,0.195,0.245,0.315,6.21,182.6,6.740496284
2019-12-27 18:00:00,0.2,0.25,0.32,6.59,180.77,6.821327388
2019-12-27 18:30:00,0.185,0.235,0.3,6.115,170.045,6.421137729
2019-12-27 19:00:00,0.17,0.22,0.28,5.64,159.32,5.992707469
2019-12-27 19:30:00,0.18,0.235,0.295,6.245,159.49,6.355445041
2019-12-27 20:00:00,0.19,0.25,0.31,6.85,159.66,6.865759694
2019-12-27 20:30:00,0.195,0.25,0.315,6.375,136.8,6.971972694
2019-12-27 21:00:00,0.2,0.25,0.32,5.9,113.94,6.932187248
2019-12-27 21:30:00,0.24,0.305,0.39,5.49,142.3,8.365200311
2019-12-27 22:00:00,0.28,0.36,0.46,5.08,170.66,10.0287147
2019-12-27 22:30:00,0.29,0.37,0.475,4.37,102.2,10.35799202
2019-12-27 23:00:00,0.3,0.38,0.49,3.66,33.74,10.56299768
2019-12-27 23:30:00,0.3,0.385,0.495,4.205,72.635,10.50835004
2019-12-28 00:00:00,0.3,0.39,0.5,4.75,111.53,10.53928955
2019-12-28 00:30:00,0.28,0.36,0.465,4.445,79.815,9.734115827
2019-12-28 01:00:00,0.26,0.33,0.43,4.14,48.1,9.04020723
2019-12-28 01:30:00,0.25,0.32,0.41,4.14,52.35,8.670257655
2019-12-28 02:00:00,0.24,0.31,0.39,4.14,56.6,8.156931581
2019-12-28 02:30:00,0.25,0.315,0.405,4.38,95.03,8.355944551
2019-12-28 03:00:00,0.26,0.32,0.42,4.62,133.46,8.648174375
2019-12-28 03:30:00,0.25,0.315,0.41,4.755,80.79,8.366458733
2019-12-28 04:00:00,0.24,0.31,0.4,4.89,28.12,8.064205901
2019-12-28 04:30:00,0.255,0.325,0.42,4.345,16.98,8.47911077
2019-12-28 05:00:00,0.27,0.34,0.44,3.8,5.84,8.994805425
2019-12-28 05:30:00,0.27,0.34,0.44,4.075,90.005,9.040109658
2019-12-28 06:00:00,0.27,0.34,0.44,4.35,174.17,9.011989653
2019-12-28 06:30:00,0.28,0.355,0.455,4.005,133.98,9.107925117
2019-12-28 07:00:00,0.29,0.37,0.47,3.66,93.79,9.452121877
2019-12-28 07:30:00,0.285,0.36,0.46,5.0,132.63,9.160487233
2019-12-28 08:00:00,0.28,0.35,0.45,6.34,171.47,8.808555379
2019-12-28 08:30:00,0.285,0.36,0.46,5.46,169.865,8.906294999
2019-12-28 09:00:00,0.29,0.37,0.47,4.58,168.26,9.094655426
2019-12-28 09:30:00,0.285,0.365,0.465,4.5,102.98,8.940105343
2019-12-28 10:00:00,0.28,0.36,0.46,4.42,37.7,8.69699755
2019-12-28 10:30:00,0.27,0.345,0.44,4.245,100.24,8.187102394
2019-12-28 11:00:00,0.26,0.33,0.42,4.07,162.78,7.721003477
2019-12-28 11:30:00,0.255,0.32,0.41,4.39,172.985,7.55373661
2019-12-28 12:00:00,0.25,0.31,0.4,4.71,183.19,7.343142829
2019-12-28 12:30:00,0.255,0.325,0.415,4.51,170.505,7.527597965
2019-12-28 13:00:00,0.26,0.34,0.43,4.31,157.82,7.709036734
2019-12-28 13:30:00,0.23,0.295,0.375,4.31,113.53,6.665418527
2019-12-28 14:00:00,0.2,0.25,0.32,4.31,69.24,5.728377391
2019-12-28 14:30:00,0.185,0.235,0.3,4.885,105.86,5.272860472
2019-12-28 15:00:00,0.17,0.22,0.28,5.46,142.48,4.877640955
2019-12-28 15:30:00,0.165,0.21,0.27,5.645,124.11,4.668960777
2019-12-28 16:00:00,0.16,0.2,0.26,5.83,105.74,4.51918946
2019-12-28 16:30:00,0.15,0.19,0.24,5.25,120.57,4.216106977
2019-12-28 17:00:00,0.14,0.18,0.22,4.67,135.4,3.835030674
2019-12-28 17:30:00,0.145,0.19,0.235,5.585,107.625,4.089441691
2019-12-28 18:00:00,0.15,0.2,0.25,6.5,79.85,4.286931891
2019-12-28 18:30:00,0.135,0.175,0.22,6.585,127.74,3.784573879
2019-12-28 19:00:00,0.12,0.15,0.19,6.67,175.63,3.266672263
2019-12-28 19:30:00,0.13,0.16,0.205,6.035,154.085,3.488010687
2019-12-28 20:00:00,0.14,0.17,0.22,5.4,132.54,3.717027017
2019-12-28 20:30:00,0.145,0.18,0.23,4.805,160.56,3.832211722
2019-12-28 21:00:00,0.15,0.19,0.24,4.21,188.58,3.994682747
2019-12-28 21:30:00,0.215,0.275,0.355,3.99,185.435,5.896989587
2019-12-28 22:00:00,0.28,0.36,0.47,3.77,182.29,7.8665201
2019-12-28 22:30:00,0.28,0.355,0.46,3.97,95.83,7.838825201
2019-12-28 23:00:00,0.28,0.35,0.45,4.17,9.37,7.773975209
2019-12-28 23:30:00,0.27,0.34,0.44,4.24,49.935,7.578102117
2019-12-29 00:00:00,0.26,0.33,0.43,4.31,90.5,7.321743106
2019-12-29 00:30:00,0.265,0.335,0.435,4.16,84.715,7.594355272
2019-12-29 01:00:00,0.27,0.34,0.44,4.01,78.93,7.622307679
2019-12-29 01:30:00,0.255,0.32,0.415,4.34,71.03,7.138400166
2019-12-29 02:00:00,0.24,0.3,0.39,4.67,63.13,6.743047632
2019-12-29 02:30:00,0.23,0.29,0.375,4.28,52.205,6.427674457
2019-12-29 03:00:00,0.22,0.28,0.36,3.89,41.28,6.235820811
2019-12-29 03:30:00,0.22,0.28,0.36,3.845,90.955,6.206938379
2019-12-29 04:00:00,0.22,0.28,0.36,3.8,140.63,6.114692984
2019-12-29 04:30:00,0.225,0.29,0.37,3.985,104.11,6.223397453
2019-12-29 05:00:00,0.23,0.3,0.38,4.17,67.59,6.35977357
2019-12-29 05:30:00,0.23,0.295,0.38,3.97,90.21,6.419834115
2019-12-29 06:00:00,0.23,0.29,0.38,3.77,112.83,6.378513904
2019-12-29 06:30:00,0.245,0.31,0.4,4.115,115.99,6.852416105
2019-12-29 07:00:00,0.26,0.33,0.42,4.46,119.15,7.224638767
2019-12-29 07:30:00,0.255,0.32,0.41,4.35,108.52,7.015078074
2019-12-29 08:00:00,0.25,0.31,0.4,4.24,97.89,6.719367573
2019-12-29 08:30:00,0.285,0.355,0.46,4.455,97.165,7.666557095
2019-12-29 09:00:00,0.32,0.4,0.52,4.67,96.44,8.670726005
2019-12-29 09:30:00,0.31,0.39,0.505,4.67,102.09,8.275291818
2019-12-29 10:00:00,0.3,0.38,0.49,4.67,107.74,8.03164135
2019-12-29 10:30:00,0.285,0.365,0.47,4.605,112.08,7.660935153
2019-12-29 11:00:00,0.27,0.35,0.45,4.54,116.42,7.154439771
2019-12-29 11:30:00,0.255,0.33,0.425,4.065,100.875,6.652355697
2019-12-29 12:00:00,0.24,0.31,0.4,3.59,85.33,6.216401562
2019-12-29 12:30:00,0.25,0.32,0.41,3.625,108.765,6.2031699
2019-12-29 13:00:00,0.26,0.33,0.42,3.66,132.2,6.268758157
2019-12-29 13:30:00,0.235,0.3,0.38,3.675,141.48,5.616268847
2019-12-29 14:00:00,0.21,0.27,0.34,3.69,150.76,4.92051499
2019-12-29 14:30:00,0.21,0.265,0.34,3.985,115.56,4.866684785
2019-12-29 15:00:00,0.21,0.26,0.34,4.28,80.36,4.858047695
2019-12-29 15:30:00,0.2,0.25,0.325,4.515,87.675,4.596924285
2019-12-29 16:00:00,0.19,0.24,0.31,4.75,94.99,4.423402823
2019-12-29 16:30:00,0.175,0.22,0.285,4.335,118.935,3.949081559
2019-12-29 17:00:00,0.16,0.2,0.26,3.92,142.88,3.544591082
2019-12-29 17:30:00,0.17,0.215,0.28,4.605,159.745,3.784060685
2019-12-29 18:00:00,0.18,0.23,0.3,5.29,176.61,3.985630737
2019-12-29 18:30:00,0.18,0.23,0.3,5.435,170.995,3.884396522
2019-12-29 19:00:00,0.18,0.23,0.3,5.58,165.38,3.768987109
2019-12-29 19:30:00,0.18,0.235,0.3,5.92,169.995,3.771468298
2019-12-29 20:00:00,0.18,0.24,0.3,6.26,174.61,3.709871839
2019-12-29 20:30:00,0.18,0.235,0.3,5.92,169.21,3.691905791
2019-12-29 21:00:00,0.18,0.23,0.3,5.58,163.81,3.635604806
2019-12-29 21:30:00,0.225,0.29,0.375,4.985,160.63,4.39588487
2019-12-29 22:00:00,0.27,0.35,0.45,4.39,157.45,5.3435257
2019-12-29 22:30:00,0.31,0.4,0.515,4.37,137.315,5.854946089
2019-12-29 23:00:00,0.35,0.45,0.58,4.35,117.18,6.527724264
2019-12-29 23:30:00,0.31,0.4,0.515,4.035,135.615,5.530926642
2019-12-30 00:00:00,0.27,0.35,0.45,3.72,154.05,4.670175836
2019-12-30 00:30:00,0.27,0.35,0.45,3.965,136.71,4.728930659
2019-12-30 01:00:00,0.27,0.35,0.45,4.21,119.37,4.651312692
2019-12-30 01:30:00,0.26,0.335,0.43,4.28,114.28,4.371435665
2019-12-30 02:00:00,0.25,0.32,0.41,4.35,109.19,4.169247009
2019-12-30 02:30:00,0.29,0.37,0.475,4.135,101.945,4.923510247
2019-12-30 03:00:00,0.33,0.42,0.54,3.92,94.7,5.403454804
2019-12-30 03:30:00,0.315,0.4,0.51,4.405,125.895,5.200311689
2019-12-30 04:00:00,0.3,0.38,0.48,4.89,157.09,4.902579152
2019-12-30 04:30:00,0.275,0.35,0.445,4.42,84.54,4.497567624
2019-12-30 05:00:00,0.25,0.32,0.41,3.95,11.99,4.12323758
2019-12-30 05:30:00,0.25,0.32,0.415,4.33,64.39,4.083613724
2019-12-30 06:00:00,0.25,0.32,0.42,4.71,116.79,4.234005156
2019-12-30 06:30:00,0.265,0.335,0.435,4.24,97.385,4.301179525
2019-12-30 07:00:00,0.28,0.35,0.45,3.77,77.98,4.442977204
2019-12-30 07:30:00,0.29,0.37,0.475,4.645,110.92,4.633410853
2019-12-30 08:00:00,0.3,0.39,0.5,5.52,143.86,4.677705239
2019-12-30 08:30:00,0.315,0.4,0.52,4.555,148.275,5.059830615
2019-12-30 09:00:00,0.33,0.41,0.54,3.59,152.69,5.301562384
2019-12-30 09:30:00,0.33,0.415,0.54,4.005,99.7,5.333078357
2019-12-30 10:00:00,0.33,0.42,0.54,4.42,46.71,5.256604133
2019-12-30 10:30:00,0.31,0.395,0.51,4.005,164.42,5.090115658
2019-12-30 11:00:00,0.29,0.37,0.48,3.59,282.13,4.829078702
2019-12-30 11:30:00,0.28,0.36,0.465,4.195,188.825,4.956051026
2019-12-30 12:00:00,0.27,0.35,0.45,4.8,95.52,4.749765522
2019-12-30 12:30:00,0.28,0.355,0.46,4.71,89.155,4.635006126
2019-12-30 13:00:00,0.29,0.36,0.47,4.62,82.79,4.735771866
2019-12-30 13:30:00,0.275,0.35,0.45,4.485,115.525,4.713523166
2019-12-30 14:00:00,0.26,0.34,0.43,4.35,148.26,4.649937701
2019-12-30 14:30:00,0.25,0.325,0.415,4.35,132.615,4.277589153
2019-12-30 15:00:00,0.24,0.31,0.4,4.35,116.97,4.160550181
2019-12-30 15:30:00,0.225,0.29,0.37,4.55,138.05,3.854949204
2019-12-30 16:00:00,0.21,0.27,0.34,4.75,159.13,3.616640227
2019-12-30 16:30:00,0.22,0.285,0.36,4.38,168.715,3.718732861
2019-12-30 17:00:00,0.23,0.3,0.38,4.01,178.3,3.918192631
2019-12-30 17:30:00,0.235,0.3,0.385,4.52,156.155,4.115647994
2019-12-30 18:00:00,0.24,0.3,0.39,5.03,134.01,4.12867403
2019-12-30 18:30:00,0.22,0.28,0.36,5.465,163.7,3.895716793
2019-12-30 19:00:00,0.2,0.26,0.33,5.9,193.39,3.69814371
2019-12-30 19:30:00,0.205,0.265,0.335,4.91,127.65,3.880793162
2019-12-30 20:00:00,0.21,0.27,0.34,3.92,61.91,3.866049597
2019-12-30 20:30:00,0.205,0.265,0.335,4.19,108.01,3.910077825
2019-12-30 21:00:00,0.2,0.26,0.33,4.46,154.11,3.830377523
2019-12-30 21:30:00,0.23,0.295,0.375,4.22,146.16,4.534015894
2019-12-30 22:00:00,0.26,0.33,0.42,3.98,138.21,5.136122924
2019-12-30 22:30:00,0.29,0.37,0.47,4.095,95.15,5.630863492
2019-12-30 23:00:00,0.32,0.41,0.52,4.21,52.09,6.247091539
2019-12-30 23:30:00,0.3,0.385,0.49,4.125,79.085,5.969657823
2019-12-31 00:00:00,0.28,0.36,0.46,4.04,106.08,5.563535011
2019-12-31 00:30:00,0.275,0.355,0.455,3.92,62.745,5.542576749
2019-12-31 01:00:00,0.27,0.35,0.45,3.8,19.41,5.656573664
2019-12-31 01:30:00,0.265,0.34,0.44,3.95,13.735,5.714517816
2019-12-31 02:00:00,0.26,0.33,0.43,4.1,8.06,5.400682408
2019-12-31 02:30:00,0.26,0.33,0.43,4.025,78.235,5.411888573
2019-12-31 03:00:00,0.26,0.33,0.43,3.95,148.41,5.186720402
2019-12-31 03:30:00,0.265,0.335,0.435,4.13,97.19,5.104048004
2019-12-31 04:00:00,0.27,0.34,0.44,4.31,45.97,5.217851782
2019-12-31 04:30:00,0.27,0.34,0.44,4.885,109.8,5.207598206
2019-12-31 05:00:00,0.27,0.34,0.44,5.46,173.63,5.153620181
2019-12-31 05:30:00,0.26,0.33,0.425,5.35,124.685,4.937799735
2019-12-31 06:00:00,0.25,0.32,0.41,5.24,75.74,4.836179366
2019-12-31 06:30:00,0.25,0.32,0.41,4.535,93.01,4.656687353
2019-12-31 07:00:00,0.25,0.32,0.41,3.83,110.28,4.627873345
2019-12-31 07:30:00,0.25,0.315,0.405,4.0,126.345,4.554998487
2019-12-31 08:00:00,0.25,0.31,0.4,4.17,142.41,4.414690441
2019-12-31 08:30:00,0.265,0.335,0.43,4.19,125.05,4.748331545
2019-12-31 09:00:00,0.28,0.36,0.46,4.21,107.69,5.112707579
2019-12-31 09:30:00,0.285,0.365,0.47,4.155,108.605,5.297455307
2019-12-31 10:00:00,0.29,0.37,0.48,4.1,109.52,5.394386027
2019-12-31 10:30:00,0.28,0.355,0.46,5.0,126.81,5.236782635
2019-12-31 11:00:00,0.27,0.34,0.44,5.9,144.1,5.091929465
2019-12-31 11:30:00,0.26,0.33,0.425,4.925,139.705,4.978043302
2019-12-31 12:00:00,0.25,0.32,0.41,3.95,135.31,4.745431134
2019-12-31 12:30:00,0.24,0.31,0.395,4.185,120.49,4.604263468
2019-12-31 13:00:00,0.23,0.3,0.38,4.42,105.67,4.379820394
2019-12-31 13:30:00,0.235,0.3,0.385,4.07,116.475,4.452901087
2019-12-31 14:00:00,0.24,0.3,0.39,3.72,127.28,4.553924004
2019-12-31 14:30:00,0.22,0.275,0.355,3.69,137.62,4.242785473
2019-12-31 15:00:00,0.2,0.25,0.32,3.66,147.96,3.898922376
2019-12-31 15:30:00,0.205,0.255,0.33,3.65,165.67,4.094390577
2019-12-31 16:00:00,0.21,0.26,0.34,3.64,183.38,4.206064292
2019-12-31 16:30:00,0.2,0.25,0.32,5.34,181.11,3.982937322
2019-12-31 17:00:00,0.19,0.24,0.3,7.04,178.84,3.753326855
2019-12-31 17:30:00,0.195,0.25,0.315,5.38,164.88,3.932588189
2019-12-31 18:00:00,0.2,0.26,0.33,3.72,150.92,4.124998624
2019-12-31 18:30:00,0.185,0.24,0.305,5.53,167.745,3.759233072
2019-12-31 19:00:00,0.17,0.22,0.28,7.34,184.57,3.475025611
2019-12-31 19:30:00,0.17,0.22,0.28,7.095,175.235,3.540760929
2019-12-31 20:00:00,0.17,0.22,0.28,6.85,165.9,3.652722175
2019-12-31 20:30:00,0.18,0.235,0.3,5.51,157.24,3.977473227
2019-12-31 21:00:00,0.19,0.25,0.32,4.17,148.58,4.367502351
2019-12-31 21:30:00,0.205,0.265,0.34,4.335,121.29,4.779465875
2019-12-31 22:00:00,0.22,0.28,0.36,4.5,94.0,5.0107325
2019-12-31 22:30:00,0.22,0.28,0.36,6.605,124.95,5.155159646
2019-12-31 23:00:00,0.22,0.28,0.36,8.71,155.9,5.223881214
