Date,Power (MW)
2019-10-01 00:00:00,1.458492481
2019-10-01 00:30:00,1.431711868
2019-10-01 01:00:00,1.399986367
2019-10-01 01:30:00,1.293675586
2019-10-01 02:00:00,1.187208764
2019-10-01 02:30:00,2.137917191
2019-10-01 03:00:00,3.089977399
2019-10-01 03:30:00,3.047391586
2019-10-01 04:00:00,3.002659805
2019-10-01 04:30:00,3.019192203
2019-10-01 05:00:00,3.037106812
2019-10-01 05:30:00,2.470691659
2019-10-01 06:00:00,1.809503275
2019-10-01 06:30:00,1.463564899
2019-10-01 07:00:00,1.163962805
2019-10-01 07:30:00,1.211185067
2019-10-01 08:00:00,1.250318798
2019-10-01 08:30:00,1.355273331
2019-10-01 09:00:00,1.448390581
2019-10-01 09:30:00,2.324143671
2019-10-01 10:00:00,3.148333854
2019-10-01 10:30:00,3.007687481
2019-10-01 11:00:00,2.865074048
2019-10-01 11:30:00,2.652588205
2019-10-01 12:00:00,2.451775161
2019-10-01 12:30:00,2.382427066
2019-10-01 13:00:00,2.313898066
2019-10-01 13:30:00,2.0004459
2019-10-01 14:00:00,1.536888125
2019-10-01 14:30:00,2.188086307
2019-10-01 15:00:00,2.735641771
2019-10-01 15:30:00,2.215586668
2019-10-01 16:00:00,1.747529066
2019-10-01 16:30:00,1.86849586
2019-10-01 17:00:00,1.966010378
2019-10-01 17:30:00,2.248169187
2019-10-01 18:00:00,2.491617042
2019-10-01 18:30:00,2.10426923
2019-10-01 19:00:00,1.740343814
2019-10-01 19:30:00,1.204383679
2019-10-01 20:00:00,0.735498835
2019-10-01 20:30:00,1.225539943
2019-10-01 21:00:00,1.604622357
2019-10-01 21:30:00,1.511112607
2019-10-01 22:00:00,1.131915122
2019-10-01 22:30:00,1.249176198
2019-10-01 23:00:00,1.346595563
2019-10-01 23:30:00,1.420543742
2019-10-02 00:00:00,1.478654132
2019-10-02 00:30:00,1.44659795
2019-10-02 01:00:00,1.387721291
2019-10-02 01:30:00,1.36180165
2019-10-02 02:00:00,1.311620431
2019-10-02 02:30:00,1.267259499
2019-10-02 03:00:00,1.205952342
2019-10-02 03:30:00,1.281033263
2019-10-02 04:00:00,1.33665291
2019-10-02 04:30:00,2.078081859
2019-10-02 05:00:00,2.906780647
2019-10-02 05:30:00,2.846187918
2019-10-02 06:00:00,2.723525407
2019-10-02 06:30:00,1.992195708
2019-10-02 07:00:00,1.108788888
2019-10-02 07:30:00,2.060312848
2019-10-02 08:00:00,3.146144086
2019-10-02 08:30:00,2.215463324
2019-10-02 09:00:00,1.302734821
2019-10-02 09:30:00,1.630084646
2019-10-02 10:00:00,1.833408938
2019-10-02 10:30:00,1.477074019
2019-10-02 11:00:00,1.05668222
2019-10-02 11:30:00,0.991553135
2019-10-02 12:00:00,0.929901922
2019-10-02 12:30:00,1.762816292
2019-10-02 13:00:00,2.454948577
2019-10-02 13:30:00,2.713202977
2019-10-02 14:00:00,2.949486042
2019-10-02 14:30:00,1.834136654
2019-10-02 15:00:00,0.921749174
2019-10-02 15:30:00,1.26175595
2019-10-02 16:00:00,1.488084666
2019-10-02 16:30:00,1.211312604
2019-10-02 17:00:00,0.97109754
2019-10-02 17:30:00,0.988760446
2019-10-02 18:00:00,1.006575938
2019-10-02 18:30:00,0.837595321
2019-10-02 19:00:00,0.680260915
2019-10-02 19:30:00,0.671427232
2019-10-02 20:00:00,0.650588203
2019-10-02 20:30:00,0.829144503
2019-10-02 21:00:00,1.006860277
2019-10-02 21:30:00,0.915128702
2019-10-02 22:00:00,0.621296763
2019-10-02 22:30:00,0.79401883
2019-10-02 23:00:00,0.991823657
2019-10-02 23:30:00,1.038140827
2019-10-03 00:00:00,1.08241732
2019-10-03 00:30:00,1.219078172
2019-10-03 01:00:00,1.303962417
2019-10-03 01:30:00,1.316154805
2019-10-03 02:00:00,1.293681484
2019-10-03 02:30:00,1.08805971
2019-10-03 03:00:00,0.905577244
2019-10-03 03:30:00,0.80808427
2019-10-03 04:00:00,0.713203773
2019-10-03 04:30:00,0.845090455
2019-10-03 05:00:00,0.984876638
2019-10-03 05:30:00,0.815071683
2019-10-03 06:00:00,0.664991776
2019-10-03 06:30:00,0.721625543
2019-10-03 07:00:00,0.780845618
2019-10-03 07:30:00,0.847625414
2019-10-03 08:00:00,0.914243493
2019-10-03 08:30:00,1.040344473
2019-10-03 09:00:00,1.178054195
2019-10-03 09:30:00,0.944906974
2019-10-03 10:00:00,0.744294458
2019-10-03 10:30:00,0.861579135
2019-10-03 11:00:00,0.99122235
2019-10-03 11:30:00,0.94006933
2019-10-03 12:00:00,0.890755412
2019-10-03 12:30:00,0.849531884
2019-10-03 13:00:00,0.809613743
2019-10-03 13:30:00,0.886304658
2019-10-03 14:00:00,0.962016765
2019-10-03 14:30:00,0.870906232
2019-10-03 15:00:00,0.774274078
2019-10-03 15:30:00,0.592996942
2019-10-03 16:00:00,0.438176912
2019-10-03 16:30:00,0.393648871
2019-10-03 17:00:00,0.346309487
2019-10-03 17:30:00,0.393124176
2019-10-03 18:00:00,0.442724207
2019-10-03 18:30:00,0.414483378
2019-10-03 19:00:00,0.38500935
2019-10-03 19:30:00,0.402060032
2019-10-03 20:00:00,0.415361766
2019-10-03 20:30:00,0.644062825
2019-10-03 21:00:00,0.91637967
2019-10-03 21:30:00,0.90105002
2019-10-03 22:00:00,0.849260448
2019-10-03 22:30:00,0.983560649
2019-10-03 23:00:00,1.129495855
2019-10-03 23:30:00,1.265529376
2019-10-04 00:00:00,1.407114071
2019-10-04 00:30:00,1.522919738
2019-10-04 01:00:00,1.642204199
2019-10-04 01:30:00,1.970564428
2019-10-04 02:00:00,2.268605292
2019-10-04 02:30:00,1.969266132
2019-10-04 03:00:00,1.608548591
2019-10-04 03:30:00,1.496352339
2019-10-04 04:00:00,1.375673832
2019-10-04 04:30:00,1.423388812
2019-10-04 05:00:00,1.453461687
2019-10-04 05:30:00,1.334997648
2019-10-04 06:00:00,1.214301755
2019-10-04 06:30:00,1.258522748
2019-10-04 07:00:00,1.297587668
2019-10-04 07:30:00,2.120619452
2019-10-04 08:00:00,3.091371757
2019-10-04 08:30:00,2.238385292
2019-10-04 09:00:00,1.481814656
2019-10-04 09:30:00,1.653738777
2019-10-04 10:00:00,1.829325656
2019-10-04 10:30:00,1.660918795
2019-10-04 11:00:00,1.503412996
2019-10-04 11:30:00,1.552777013
2019-10-04 12:00:00,1.587430534
2019-10-04 12:30:00,2.094603546
2019-10-04 13:00:00,2.510938596
2019-10-04 13:30:00,1.941658645
2019-10-04 14:00:00,1.265575417
2019-10-04 14:30:00,1.424871871
2019-10-04 15:00:00,1.592110982
2019-10-04 15:30:00,2.286589559
2019-10-04 16:00:00,2.832300847
2019-10-04 16:30:00,3.058226499
2019-10-04 17:00:00,3.30257857
2019-10-04 17:30:00,3.126850936
2019-10-04 18:00:00,2.933647069
2019-10-04 18:30:00,2.937919752
2019-10-04 19:00:00,2.925779134
2019-10-04 19:30:00,3.308899214
2019-10-04 20:00:00,3.731316991
2019-10-04 20:30:00,3.696023826
2019-10-04 21:00:00,3.663498673
2019-10-04 21:30:00,3.522899007
2019-10-04 22:00:00,3.38327677
2019-10-04 22:30:00,3.968803185
2019-10-04 23:00:00,4.623130594
2019-10-04 23:30:00,3.288418256
2019-10-05 00:00:00,1.955173052
2019-10-05 00:30:00,3.094086968
2019-10-05 01:00:00,4.343348424
2019-10-05 01:30:00,3.577482626
2019-10-05 02:00:00,2.705739733
2019-10-05 02:30:00,3.705220536
2019-10-05 03:00:00,4.52159115
2019-10-05 03:30:00,4.457290256
2019-10-05 04:00:00,4.382093374
2019-10-05 04:30:00,4.335333098
2019-10-05 05:00:00,4.276238893
2019-10-05 05:30:00,4.369312897
2019-10-05 06:00:00,4.461745911
2019-10-05 06:30:00,3.132349878
2019-10-05 07:00:00,1.734990871
2019-10-05 07:30:00,2.238024428
2019-10-05 08:00:00,2.802033269
2019-10-05 08:30:00,3.595748065
2019-10-05 09:00:00,4.118357757
2019-10-05 09:30:00,3.662161143
2019-10-05 10:00:00,3.229374568
2019-10-05 10:30:00,2.993292976
2019-10-05 11:00:00,2.759061773
2019-10-05 11:30:00,3.266563603
2019-10-05 12:00:00,3.817728258
2019-10-05 12:30:00,3.36305764
2019-10-05 13:00:00,2.942740909
2019-10-05 13:30:00,2.17892315
2019-10-05 14:00:00,1.462162631
2019-10-05 14:30:00,1.451010419
2019-10-05 15:00:00,1.438110358
2019-10-05 15:30:00,1.764656219
2019-10-05 16:00:00,1.831551422
2019-10-05 16:30:00,1.517949016
2019-10-05 17:00:00,1.242653972
2019-10-05 17:30:00,1.292865777
2019-10-05 18:00:00,1.343482382
2019-10-05 18:30:00,1.249490145
2019-10-05 19:00:00,1.122219994
2019-10-05 19:30:00,1.414803062
2019-10-05 20:00:00,1.703916996
2019-10-05 20:30:00,1.597345416
2019-10-05 21:00:00,1.491183152
2019-10-05 21:30:00,1.636160876
2019-10-05 22:00:00,1.787999223
2019-10-05 22:30:00,1.482209672
2019-10-05 23:00:00,1.145193567
2019-10-05 23:30:00,1.683332963
2019-10-06 00:00:00,2.258091572
2019-10-06 00:30:00,1.542011755
2019-10-06 01:00:00,0.875952893
2019-10-06 01:30:00,0.902136643
2019-10-06 02:00:00,0.926091007
2019-10-06 02:30:00,1.1214601
2019-10-06 03:00:00,1.342225888
2019-10-06 03:30:00,1.379083961
2019-10-06 04:00:00,1.406149574
2019-10-06 04:30:00,1.349810142
2019-10-06 05:00:00,1.294214628
2019-10-06 05:30:00,1.164804898
2019-10-06 06:00:00,1.042977944
2019-10-06 06:30:00,1.627025999
2019-10-06 07:00:00,2.297314966
2019-10-06 07:30:00,1.950611128
2019-10-06 08:00:00,1.632683214
2019-10-06 08:30:00,1.630990677
2019-10-06 09:00:00,1.606334331
2019-10-06 09:30:00,1.496431517
2019-10-06 10:00:00,1.380679886
2019-10-06 10:30:00,1.26900862
2019-10-06 11:00:00,1.163532645
2019-10-06 11:30:00,1.176777902
2019-10-06 12:00:00,1.187025152
2019-10-06 12:30:00,1.131661922
2019-10-06 13:00:00,1.060949316
2019-10-06 13:30:00,1.077442557
2019-10-06 14:00:00,1.093844345
2019-10-06 14:30:00,0.963418587
2019-10-06 15:00:00,0.839268764
2019-10-06 15:30:00,1.069139985
2019-10-06 16:00:00,1.213036534
2019-10-06 16:30:00,1.270484795
2019-10-06 17:00:00,1.328768594
2019-10-06 17:30:00,1.196669942
2019-10-06 18:00:00,1.069305079
2019-10-06 18:30:00,0.896136245
2019-10-06 19:00:00,0.644450022
2019-10-06 19:30:00,1.041448352
2019-10-06 20:00:00,1.448568178
2019-10-06 20:30:00,1.376254179
2019-10-06 21:00:00,1.283435665
2019-10-06 21:30:00,1.517693361
2019-10-06 22:00:00,1.776618661
2019-10-06 22:30:00,1.311441164
2019-10-06 23:00:00,0.868555684
2019-10-06 23:30:00,1.318613074
2019-10-07 00:00:00,1.817834007
2019-10-07 00:30:00,1.973451737
2019-10-07 01:00:00,2.138579136
2019-10-07 01:30:00,1.818983302
2019-10-07 02:00:00,1.535147806
2019-10-07 02:30:00,1.461434931
2019-10-07 03:00:00,1.314039316
2019-10-07 03:30:00,1.814549526
2019-10-07 04:00:00,2.28462603
2019-10-07 04:30:00,1.857048211
2019-10-07 05:00:00,1.359421465
2019-10-07 05:30:00,2.019267913
2019-10-07 06:00:00,2.676346764
2019-10-07 06:30:00,2.129646006
2019-10-07 07:00:00,1.4908126
2019-10-07 07:30:00,2.06834573
2019-10-07 08:00:00,2.556582807
2019-10-07 08:30:00,1.988031833
2019-10-07 09:00:00,1.442659058
2019-10-07 09:30:00,1.217258916
2019-10-07 10:00:00,1.014077166
2019-10-07 10:30:00,1.078271658
2019-10-07 11:00:00,1.143234151
2019-10-07 11:30:00,1.753114156
2019-10-07 12:00:00,2.286807445
2019-10-07 12:30:00,2.30482574
2019-10-07 13:00:00,2.322872769
2019-10-07 13:30:00,2.515743318
2019-10-07 14:00:00,2.690397957
2019-10-07 14:30:00,2.513151615
2019-10-07 15:00:00,2.33727846
2019-10-07 15:30:00,2.045718482
2019-10-07 16:00:00,1.768852926
2019-10-07 16:30:00,1.475984712
2019-10-07 17:00:00,1.212924653
2019-10-07 17:30:00,1.555161323
2019-10-07 18:00:00,1.945446418
2019-10-07 18:30:00,1.980342539
2019-10-07 19:00:00,2.014361916
2019-10-07 19:30:00,1.747012601
2019-10-07 20:00:00,1.493459093
2019-10-07 20:30:00,1.556602434
2019-10-07 21:00:00,1.595548287
2019-10-07 21:30:00,2.158016939
2019-10-07 22:00:00,2.841926578
2019-10-07 22:30:00,2.712348292
2019-10-07 23:00:00,2.535644647
2019-10-07 23:30:00,2.502835331
2019-10-08 00:00:00,2.454006996
2019-10-08 00:30:00,2.481143959
2019-10-08 01:00:00,2.504956211
2019-10-08 01:30:00,2.384622499
2019-10-08 02:00:00,2.265236109
2019-10-08 02:30:00,1.670194982
2019-10-08 03:00:00,1.111631163
2019-10-08 03:30:00,1.189263938
2019-10-08 04:00:00,1.269352408
2019-10-08 04:30:00,1.285822263
2019-10-08 05:00:00,1.299201905
2019-10-08 05:30:00,1.174059229
2019-10-08 06:00:00,1.05863861
2019-10-08 06:30:00,2.235604529
2019-10-08 07:00:00,3.872157219
2019-10-08 07:30:00,3.143447119
2019-10-08 08:00:00,2.510666147
2019-10-08 08:30:00,2.269809224
2019-10-08 09:00:00,1.983448816
2019-10-08 09:30:00,2.409330309
2019-10-08 10:00:00,2.736485466
2019-10-08 10:30:00,1.982191679
2019-10-08 11:00:00,1.249287903
2019-10-08 11:30:00,1.14839257
2019-10-08 12:00:00,1.051675948
2019-10-08 12:30:00,1.246846529
2019-10-08 13:00:00,1.401676791
2019-10-08 13:30:00,1.923473975
2019-10-08 14:00:00,2.540400083
2019-10-08 14:30:00,2.445441799
2019-10-08 15:00:00,2.351827115
2019-10-08 15:30:00,1.820771096
2019-10-08 16:00:00,1.339889082
2019-10-08 16:30:00,1.276087455
2019-10-08 17:00:00,1.213151338
2019-10-08 17:30:00,1.0441875
2019-10-08 18:00:00,0.888053312
2019-10-08 18:30:00,0.694041581
2019-10-08 19:00:00,0.515825101
2019-10-08 19:30:00,0.665466475
2019-10-08 20:00:00,0.828027449
2019-10-08 20:30:00,0.956384511
2019-10-08 21:00:00,1.092907372
2019-10-08 21:30:00,1.223468886
2019-10-08 22:00:00,1.353345159
2019-10-08 22:30:00,1.653835309
2019-10-08 23:00:00,1.735606036
2019-10-08 23:30:00,1.490104754
2019-10-09 00:00:00,1.252482334
2019-10-09 00:30:00,1.199468636
2019-10-09 01:00:00,1.144990121
2019-10-09 01:30:00,1.143263473
2019-10-09 02:00:00,1.12463337
2019-10-09 02:30:00,0.984007404
2019-10-09 03:00:00,0.8555674
2019-10-09 03:30:00,1.035210791
2019-10-09 04:00:00,1.193099228
2019-10-09 04:30:00,1.406503354
2019-10-09 05:00:00,1.641960645
2019-10-09 05:30:00,1.239565325
2019-10-09 06:00:00,0.83815015
2019-10-09 06:30:00,1.029434046
2019-10-09 07:00:00,1.223520775
2019-10-09 07:30:00,1.059166815
2019-10-09 08:00:00,0.857857751
2019-10-09 08:30:00,0.943292192
2019-10-09 09:00:00,1.021311575
2019-10-09 09:30:00,0.874600626
2019-10-09 10:00:00,0.743007994
2019-10-09 10:30:00,0.745745464
2019-10-09 11:00:00,0.74594365
2019-10-09 11:30:00,0.677823567
2019-10-09 12:00:00,0.613856131
2019-10-09 12:30:00,0.589337489
2019-10-09 13:00:00,0.565442994
2019-10-09 13:30:00,0.961457007
2019-10-09 14:00:00,1.45401391
2019-10-09 14:30:00,0.967769204
2019-10-09 15:00:00,0.57528832
2019-10-09 15:30:00,0.385966462
2019-10-09 16:00:00,0.239532791
2019-10-09 16:30:00,0.303398043
2019-10-09 17:00:00,0.326383609
2019-10-09 17:30:00,0.390406582
2019-10-09 18:00:00,0.4543483
2019-10-09 18:30:00,0.414498723
2019-10-09 19:00:00,0.376702274
2019-10-09 19:30:00,0.349146207
2019-10-09 20:00:00,0.322748336
2019-10-09 20:30:00,0.344361742
2019-10-09 21:00:00,0.366943277
2019-10-09 21:30:00,0.679976964
2019-10-09 22:00:00,1.112854514
2019-10-09 22:30:00,1.218699467
2019-10-09 23:00:00,1.216699982
2019-10-09 23:30:00,1.059897192
2019-10-10 00:00:00,0.91283898
2019-10-10 00:30:00,0.962970002
2019-10-10 01:00:00,1.015097597
2019-10-10 01:30:00,0.869866057
2019-10-10 02:00:00,0.738452677
2019-10-10 02:30:00,0.666930071
2019-10-10 03:00:00,0.599928837
2019-10-10 03:30:00,0.650247337
2019-10-10 04:00:00,0.703041096
2019-10-10 04:30:00,0.789410985
2019-10-10 05:00:00,0.881936181
2019-10-10 05:30:00,0.666861729
2019-10-10 06:00:00,0.490231747
2019-10-10 06:30:00,0.622859648
2019-10-10 07:00:00,0.766772308
2019-10-10 07:30:00,0.857520491
2019-10-10 08:00:00,0.93964073
2019-10-10 08:30:00,0.953025366
2019-10-10 09:00:00,0.964950915
2019-10-10 09:30:00,0.84932259
2019-10-10 10:00:00,0.743508434
2019-10-10 10:30:00,0.813031148
2019-10-10 11:00:00,0.868972353
2019-10-10 11:30:00,0.845856472
2019-10-10 12:00:00,0.821464988
2019-10-10 12:30:00,0.801988291
2019-10-10 13:00:00,0.777210924
2019-10-10 13:30:00,0.846987459
2019-10-10 14:00:00,0.916863697
2019-10-10 14:30:00,0.843088752
2019-10-10 15:00:00,0.770883564
2019-10-10 15:30:00,0.635955793
2019-10-10 16:00:00,0.507737473
2019-10-10 16:30:00,0.503246521
2019-10-10 17:00:00,0.490682234
2019-10-10 17:30:00,0.546519723
2019-10-10 18:00:00,0.603231369
2019-10-10 18:30:00,0.528091698
2019-10-10 19:00:00,0.455298797
2019-10-10 19:30:00,0.584178912
2019-10-10 20:00:00,0.73234537
2019-10-10 20:30:00,0.803300495
2019-10-10 21:00:00,0.874116014
2019-10-10 21:30:00,0.988680502
2019-10-10 22:00:00,1.005012742
2019-10-10 22:30:00,1.39953024
2019-10-10 23:00:00,1.880527115
2019-10-10 23:30:00,1.575415484
2019-10-11 00:00:00,1.300814514
2019-10-11 00:30:00,1.763496513
2019-10-11 01:00:00,2.199315577
2019-10-11 01:30:00,2.304496943
2019-10-11 02:00:00,2.400009709
2019-10-11 02:30:00,2.018691859
2019-10-11 03:00:00,1.678898399
2019-10-11 03:30:00,1.525323161
2019-10-11 04:00:00,1.375543109
2019-10-11 04:30:00,1.709610584
2019-10-11 05:00:00,2.023369505
2019-10-11 05:30:00,1.618487039
2019-10-11 06:00:00,1.218648224
2019-10-11 06:30:00,1.170123766
2019-10-11 07:00:00,1.121861031
2019-10-11 07:30:00,1.162549105
2019-10-11 08:00:00,1.190198282
2019-10-11 08:30:00,1.250125455
2019-10-11 09:00:00,1.302672538
2019-10-11 09:30:00,1.143138761
2019-10-11 10:00:00,0.995430187
2019-10-11 10:30:00,0.994952708
2019-10-11 11:00:00,0.97629648
2019-10-11 11:30:00,0.945488269
2019-10-11 12:00:00,0.912919213
2019-10-11 12:30:00,0.913291948
2019-10-11 13:00:00,0.913440954
2019-10-11 13:30:00,0.953450911
2019-10-11 14:00:00,0.995262636
2019-10-11 14:30:00,0.976896728
2019-10-11 15:00:00,0.938955394
2019-10-11 15:30:00,0.90553701
2019-10-11 16:00:00,0.772351159
2019-10-11 16:30:00,0.69934735
2019-10-11 17:00:00,0.62838985
2019-10-11 17:30:00,0.419234392
2019-10-11 18:00:00,0.248203171
2019-10-11 18:30:00,0.30280491
2019-10-11 19:00:00,0.335440106
2019-10-11 19:30:00,0.397684726
2019-10-11 20:00:00,0.466314011
2019-10-11 20:30:00,0.41099083
2019-10-11 21:00:00,0.357524713
2019-10-11 21:30:00,0.702718595
2019-10-11 22:00:00,1.194335149
2019-10-11 22:30:00,1.516304606
2019-10-11 23:00:00,1.870737372
2019-10-11 23:30:00,1.784534033
2019-10-12 00:00:00,1.686796644
2019-10-12 00:30:00,1.494356333
2019-10-12 01:00:00,1.301388713
2019-10-12 01:30:00,1.237067075
2019-10-12 02:00:00,1.175241705
2019-10-12 02:30:00,1.042475811
2019-10-12 03:00:00,0.921662393
2019-10-12 03:30:00,0.880401984
2019-10-12 04:00:00,0.838041476
2019-10-12 04:30:00,1.293026135
2019-10-12 05:00:00,1.787546817
2019-10-12 05:30:00,1.385905977
2019-10-12 06:00:00,0.949660034
2019-10-12 06:30:00,1.039473989
2019-10-12 07:00:00,1.129714137
2019-10-12 07:30:00,1.195305181
2019-10-12 08:00:00,1.262257905
2019-10-12 08:30:00,1.412369434
2019-10-12 09:00:00,1.572801821
2019-10-12 09:30:00,1.304844405
2019-10-12 10:00:00,1.070162808
2019-10-12 10:30:00,1.885701813
2019-10-12 11:00:00,2.764432727
2019-10-12 11:30:00,1.790267929
2019-10-12 12:00:00,0.946400695
2019-10-12 12:30:00,1.165550685
2019-10-12 13:00:00,1.413456297
2019-10-12 13:30:00,1.242129226
2019-10-12 14:00:00,1.081865773
2019-10-12 14:30:00,1.138421642
2019-10-12 15:00:00,1.193236191
2019-10-12 15:30:00,0.957463192
2019-10-12 16:00:00,0.737523495
2019-10-12 16:30:00,0.811085241
2019-10-12 17:00:00,0.88444046
2019-10-12 17:30:00,0.87705573
2019-10-12 18:00:00,0.831331062
2019-10-12 18:30:00,0.627756574
2019-10-12 19:00:00,0.424717249
2019-10-12 19:30:00,0.664239685
2019-10-12 20:00:00,0.901328733
2019-10-12 20:30:00,1.065644563
2019-10-12 21:00:00,1.243500523
2019-10-12 21:30:00,1.127606228
2019-10-12 22:00:00,0.811092458
2019-10-12 22:30:00,1.073970382
2019-10-12 23:00:00,1.38104714
2019-10-12 23:30:00,1.137755064
2019-10-13 00:00:00,0.909960839
2019-10-13 00:30:00,0.910316995
2019-10-13 01:00:00,0.910571806
2019-10-13 01:30:00,1.193305031
2019-10-13 02:00:00,1.528343334
2019-10-13 02:30:00,2.540616105
2019-10-13 03:00:00,3.572398398
2019-10-13 03:30:00,2.578762622
2019-10-13 04:00:00,1.51920636
2019-10-13 04:30:00,2.279943095
2019-10-13 05:00:00,2.869650271
2019-10-13 05:30:00,2.28003802
2019-10-13 06:00:00,1.632192298
2019-10-13 06:30:00,1.29551525
2019-10-13 07:00:00,1.004922628
2019-10-13 07:30:00,1.297224248
2019-10-13 08:00:00,1.631759147
2019-10-13 08:30:00,1.559733239
2019-10-13 09:00:00,1.451768351
2019-10-13 09:30:00,1.784522159
2019-10-13 10:00:00,2.057542416
2019-10-13 10:30:00,1.622151305
2019-10-13 11:00:00,1.208550577
2019-10-13 11:30:00,1.01953831
2019-10-13 12:00:00,0.851018019
2019-10-13 12:30:00,0.918347657
2019-10-13 13:00:00,0.988894138
2019-10-13 13:30:00,1.157936936
2019-10-13 14:00:00,1.336113116
2019-10-13 14:30:00,1.363636528
2019-10-13 15:00:00,1.38404097
2019-10-13 15:30:00,0.942944112
2019-10-13 16:00:00,0.605809662
2019-10-13 16:30:00,0.80283629
2019-10-13 17:00:00,0.971006181
2019-10-13 17:30:00,0.752439263
2019-10-13 18:00:00,0.534660782
2019-10-13 18:30:00,0.592310857
2019-10-13 19:00:00,0.61576605
2019-10-13 19:30:00,0.543572842
2019-10-13 20:00:00,0.477045515
2019-10-13 20:30:00,0.480653028
2019-10-13 21:00:00,0.481127864
2019-10-13 21:30:00,0.581701586
2019-10-13 22:00:00,0.598626398
2019-10-13 22:30:00,0.572628579
2019-10-13 23:00:00,0.547626551
2019-10-13 23:30:00,0.6787161
2019-10-14 00:00:00,0.829558593
2019-10-14 00:30:00,0.780831127
2019-10-14 01:00:00,0.731324798
2019-10-14 01:30:00,0.675152045
2019-10-14 02:00:00,0.615002953
2019-10-14 02:30:00,0.803388306
2019-10-14 03:00:00,1.026087987
2019-10-14 03:30:00,0.851581535
2019-10-14 04:00:00,0.695625645
2019-10-14 04:30:00,0.726291512
2019-10-14 05:00:00,0.7540732
2019-10-14 05:30:00,1.196673663
2019-10-14 06:00:00,1.546429686
2019-10-14 06:30:00,1.091978551
2019-10-14 07:00:00,0.637550564
2019-10-14 07:30:00,0.688355471
2019-10-14 08:00:00,0.741424484
2019-10-14 08:30:00,0.813743445
2019-10-14 09:00:00,0.891157674
2019-10-14 09:30:00,0.886037331
2019-10-14 10:00:00,0.881734962
2019-10-14 10:30:00,0.936648754
2019-10-14 11:00:00,0.993014265
2019-10-14 11:30:00,1.109878164
2019-10-14 12:00:00,1.223061113
2019-10-14 12:30:00,0.955457905
2019-10-14 13:00:00,0.727567205
2019-10-14 13:30:00,0.704321502
2019-10-14 14:00:00,0.68084609
2019-10-14 14:30:00,0.68304864
2019-10-14 15:00:00,0.685299939
2019-10-14 15:30:00,0.555773088
2019-10-14 16:00:00,0.429164295
2019-10-14 16:30:00,0.310698845
2019-10-14 17:00:00,0.216217744
2019-10-14 17:30:00,0.182248822
2019-10-14 18:00:00,0.151628411
2019-10-14 18:30:00,0.30031331
2019-10-14 19:00:00,0.466826044
2019-10-14 19:30:00,0.393000033
2019-10-14 20:00:00,0.324804527
2019-10-14 20:30:00,0.255707512
2019-10-14 21:00:00,0.163973082
2019-10-14 21:30:00,0.33449021
2019-10-14 22:00:00,0.572745771
2019-10-14 22:30:00,0.707371194
2019-10-14 23:00:00,0.856907069
2019-10-14 23:30:00,0.843308411
2019-10-15 00:00:00,0.829396903
2019-10-15 00:30:00,0.836600503
2019-10-15 01:00:00,0.842926808
2019-10-15 01:30:00,0.882764906
2019-10-15 02:00:00,0.92251257
2019-10-15 02:30:00,0.942248501
2019-10-15 03:00:00,0.961712456
2019-10-15 03:30:00,0.901670748
2019-10-15 04:00:00,0.836649607
2019-10-15 04:30:00,0.855079064
2019-10-15 05:00:00,0.866733279
2019-10-15 05:30:00,0.836599247
2019-10-15 06:00:00,0.795022727
2019-10-15 06:30:00,0.813944513
2019-10-15 07:00:00,0.803067384
2019-10-15 07:30:00,0.887479301
2019-10-15 08:00:00,0.974695369
2019-10-15 08:30:00,1.057771138
2019-10-15 09:00:00,1.143475753
2019-10-15 09:30:00,0.985191659
2019-10-15 10:00:00,0.842257999
2019-10-15 10:30:00,0.762068921
2019-10-15 11:00:00,0.685400029
2019-10-15 11:30:00,0.716132586
2019-10-15 12:00:00,0.746992729
2019-10-15 12:30:00,0.67611603
2019-10-15 13:00:00,0.609265346
2019-10-15 13:30:00,0.745952699
2019-10-15 14:00:00,0.900608936
2019-10-15 14:30:00,0.951619485
2019-10-15 15:00:00,1.002493705
2019-10-15 15:30:00,0.820208565
2019-10-15 16:00:00,0.632006418
2019-10-15 16:30:00,0.603505672
2019-10-15 17:00:00,0.569258143
2019-10-15 17:30:00,0.555317646
2019-10-15 18:00:00,0.541110675
2019-10-15 18:30:00,0.534506675
2019-10-15 19:00:00,0.52452536
2019-10-15 19:30:00,0.561950584
2019-10-15 20:00:00,0.593219883
2019-10-15 20:30:00,0.386219268
2019-10-15 21:00:00,0.228634617
2019-10-15 21:30:00,0.460066657
2019-10-15 22:00:00,0.799762116
2019-10-15 22:30:00,0.795936105
2019-10-15 23:00:00,0.777646387
2019-10-15 23:30:00,0.788750145
2019-10-16 00:00:00,0.801286409
2019-10-16 00:30:00,0.888781781
2019-10-16 01:00:00,0.981540763
2019-10-16 01:30:00,0.889094408
2019-10-16 02:00:00,0.800988124
2019-10-16 02:30:00,0.788660762
2019-10-16 03:00:00,0.776895251
2019-10-16 03:30:00,0.721738494
2019-10-16 04:00:00,0.668752826
2019-10-16 04:30:00,0.861285843
2019-10-16 05:00:00,1.08831307
2019-10-16 05:30:00,0.924634482
2019-10-16 06:00:00,0.776187972
2019-10-16 06:30:00,0.880896045
2019-10-16 07:00:00,0.993581441
2019-10-16 07:30:00,1.039802753
2019-10-16 08:00:00,1.087122475
2019-10-16 08:30:00,0.966127504
2019-10-16 09:00:00,0.851820052
2019-10-16 09:30:00,0.787963378
2019-10-16 10:00:00,0.727775542
2019-10-16 10:30:00,0.829170973
2019-10-16 11:00:00,0.939097638
2019-10-16 11:30:00,0.905074704
2019-10-16 12:00:00,0.85898002
2019-10-16 12:30:00,0.765316193
2019-10-16 13:00:00,0.677447085
2019-10-16 13:30:00,0.685905254
2019-10-16 14:00:00,0.69432641
2019-10-16 14:30:00,0.73267176
2019-10-16 15:00:00,0.763408792
2019-10-16 15:30:00,0.479907973
2019-10-16 16:00:00,0.264491485
2019-10-16 16:30:00,0.333846459
2019-10-16 17:00:00,0.414618444
2019-10-16 17:30:00,0.575711161
2019-10-16 18:00:00,0.707723195
2019-10-16 18:30:00,0.405013764
2019-10-16 19:00:00,0.174217673
2019-10-16 19:30:00,0.175798455
2019-10-16 20:00:00,0.175594601
2019-10-16 20:30:00,0.172856516
2019-10-16 21:00:00,0.1700737
2019-10-16 21:30:00,0.302183358
2019-10-16 22:00:00,0.475250818
2019-10-16 22:30:00,0.493210814
2019-10-16 23:00:00,0.507206658
2019-10-16 23:30:00,0.735826268
2019-10-17 00:00:00,1.018338749
2019-10-17 00:30:00,1.107045854
2019-10-17 01:00:00,1.197835054
2019-10-17 01:30:00,1.013844142
2019-10-17 02:00:00,0.850076338
2019-10-17 02:30:00,0.986849677
2019-10-17 03:00:00,1.1334137
2019-10-17 03:30:00,1.268109424
2019-10-17 04:00:00,1.396975367
2019-10-17 04:30:00,1.249908472
2019-10-17 05:00:00,1.113786666
2019-10-17 05:30:00,1.175261872
2019-10-17 06:00:00,1.225037597
2019-10-17 06:30:00,1.225309595
2019-10-17 07:00:00,1.215814277
2019-10-17 07:30:00,1.126093625
2019-10-17 08:00:00,1.025289489
2019-10-17 08:30:00,0.965530751
2019-10-17 09:00:00,0.906078377
2019-10-17 09:30:00,0.911274179
2019-10-17 10:00:00,0.916084542
2019-10-17 10:30:00,0.919307985
2019-10-17 11:00:00,0.921120032
2019-10-17 11:30:00,1.105401872
2019-10-17 12:00:00,1.267284064
2019-10-17 12:30:00,1.040804335
2019-10-17 13:00:00,0.82920812
2019-10-17 13:30:00,0.811322456
2019-10-17 14:00:00,0.792619492
2019-10-17 14:30:00,0.820482692
2019-10-17 15:00:00,0.848195398
2019-10-17 15:30:00,0.630828014
2019-10-17 16:00:00,0.454436078
2019-10-17 16:30:00,0.398815221
2019-10-17 17:00:00,0.33634782
2019-10-17 17:30:00,0.518521105
2019-10-17 18:00:00,0.740233764
2019-10-17 18:30:00,0.649689964
2019-10-17 19:00:00,0.566909732
2019-10-17 19:30:00,0.491855106
2019-10-17 20:00:00,0.422551182
2019-10-17 20:30:00,0.336357189
2019-10-17 21:00:00,0.261162532
2019-10-17 21:30:00,0.418849194
2019-10-17 22:00:00,0.58937651
2019-10-17 22:30:00,0.532515957
2019-10-17 23:00:00,0.477266319
2019-10-17 23:30:00,0.664999923
2019-10-18 00:00:00,0.884793919
2019-10-18 00:30:00,0.789970121
2019-10-18 01:00:00,0.701512148
2019-10-18 01:30:00,0.75937311
2019-10-18 02:00:00,0.820365838
2019-10-18 02:30:00,0.936112592
2019-10-18 03:00:00,1.060493251
2019-10-18 03:30:00,1.190167464
2019-10-18 04:00:00,1.327352602
2019-10-18 04:30:00,1.214428834
2019-10-18 05:00:00,1.100601913
2019-10-18 05:30:00,1.0371761
2019-10-18 06:00:00,0.968298409
2019-10-18 06:30:00,0.847875377
2019-10-18 07:00:00,0.737475566
2019-10-18 07:30:00,0.853890878
2019-10-18 08:00:00,0.982568883
2019-10-18 08:30:00,1.14589455
2019-10-18 09:00:00,1.322424126
2019-10-18 09:30:00,1.234986911
2019-10-18 10:00:00,1.153082926
2019-10-18 10:30:00,1.027298283
2019-10-18 11:00:00,0.910866074
2019-10-18 11:30:00,0.767687824
2019-10-18 12:00:00,0.640359499
2019-10-18 12:30:00,0.718749674
2019-10-18 13:00:00,0.802443868
2019-10-18 13:30:00,0.694334282
2019-10-18 14:00:00,0.596390528
2019-10-18 14:30:00,0.74611456
2019-10-18 15:00:00,0.911254003
2019-10-18 15:30:00,0.630673503
2019-10-18 16:00:00,0.402457389
2019-10-18 16:30:00,0.323303135
2019-10-18 17:00:00,0.25046654
2019-10-18 17:30:00,0.260142034
2019-10-18 18:00:00,0.258666167
2019-10-18 18:30:00,0.207979751
2019-10-18 19:00:00,0.156520526
2019-10-18 19:30:00,0.148372998
2019-10-18 20:00:00,0.139842787
2019-10-18 20:30:00,0.186543257
2019-10-18 21:00:00,0.242505463
2019-10-18 21:30:00,0.328701669
2019-10-18 22:00:00,0.413000018
2019-10-18 22:30:00,0.581796898
2019-10-18 23:00:00,0.782682716
2019-10-18 23:30:00,0.868354256
2019-10-19 00:00:00,0.95710867
2019-10-19 00:30:00,0.867507153
2019-10-19 01:00:00,0.781320975
2019-10-19 01:30:00,0.78965772
2019-10-19 02:00:00,0.796696278
2019-10-19 02:30:00,0.91601275
2019-10-19 03:00:00,1.043201328
2019-10-19 03:30:00,1.12794854
2019-10-19 04:00:00,1.213111989
2019-10-19 04:30:00,1.162672997
2019-10-19 05:00:00,1.101579469
2019-10-19 05:30:00,1.027848588
2019-10-19 06:00:00,0.95313774
2019-10-19 06:30:00,1.056541038
2019-10-19 07:00:00,1.154460242
2019-10-19 07:30:00,1.211639478
2019-10-19 08:00:00,1.269713639
2019-10-19 08:30:00,2.017027934
2019-10-19 09:00:00,2.798796642
2019-10-19 09:30:00,2.319283392
2019-10-19 10:00:00,1.892954516
2019-10-19 10:30:00,1.790018971
2019-10-19 11:00:00,1.531198579
2019-10-19 11:30:00,1.370769244
2019-10-19 12:00:00,1.22231137
2019-10-19 12:30:00,1.130930044
2019-10-19 13:00:00,1.039781252
2019-10-19 13:30:00,1.794587666
2019-10-19 14:00:00,2.592608006
2019-10-19 14:30:00,1.943373657
2019-10-19 15:00:00,1.362822935
2019-10-19 15:30:00,1.742231481
2019-10-19 16:00:00,1.997844274
2019-10-19 16:30:00,1.674187109
2019-10-19 17:00:00,1.386969594
2019-10-19 17:30:00,1.898946106
2019-10-19 18:00:00,2.517639003
2019-10-19 18:30:00,2.535042018
2019-10-19 19:00:00,2.526798517
2019-10-19 19:30:00,2.859295911
2019-10-19 20:00:00,3.218521494
2019-10-19 20:30:00,3.000278992
2019-10-19 21:00:00,2.783538238
2019-10-19 21:30:00,2.745144534
2019-10-19 22:00:00,2.698143969
2019-10-19 22:30:00,2.46630349
2019-10-19 23:00:00,2.1926894
2019-10-19 23:30:00,2.689089429
2019-10-20 00:00:00,3.188456353
2019-10-20 00:30:00,3.271169554
2019-10-20 01:00:00,3.329992983
2019-10-20 01:30:00,3.333421743
2019-10-20 02:00:00,3.302486084
2019-10-20 02:30:00,2.541773989
2019-10-20 03:00:00,1.605013915
2019-10-20 03:30:00,2.050858741
2019-10-20 04:00:00,2.398694526
2019-10-20 04:30:00,2.196726743
2019-10-20 05:00:00,1.958135802
2019-10-20 05:30:00,1.654783193
2019-10-20 06:00:00,1.380754748
2019-10-20 06:30:00,2.260637641
2019-10-20 07:00:00,3.191453084
2019-10-20 07:30:00,3.540980932
2019-10-20 08:00:00,3.914634499
2019-10-20 08:30:00,2.764566911
2019-10-20 09:00:00,1.722442889
2019-10-20 09:30:00,1.319550771
2019-10-20 10:00:00,0.985584759
2019-10-20 10:30:00,1.855377781
2019-10-20 11:00:00,2.887057323
2019-10-20 11:30:00,2.694218967
2019-10-20 12:00:00,2.507596718
2019-10-20 12:30:00,1.931482115
2019-10-20 13:00:00,1.26244639
2019-10-20 13:30:00,1.185264824
2019-10-20 14:00:00,1.096214659
2019-10-20 14:30:00,1.20989944
2019-10-20 15:00:00,1.330902166
2019-10-20 15:30:00,1.750541829
2019-10-20 16:00:00,1.879208851
2019-10-20 16:30:00,1.849271022
2019-10-20 17:00:00,1.813094545
2019-10-20 17:30:00,1.835502058
2019-10-20 18:00:00,1.839467306
2019-10-20 18:30:00,1.666742751
2019-10-20 19:00:00,1.506497526
2019-10-20 19:30:00,2.050856347
2019-10-20 20:00:00,2.708581369
2019-10-20 20:30:00,2.307589167
2019-10-20 21:00:00,1.929670176
2019-10-20 21:30:00,1.57615471
2019-10-20 22:00:00,1.151941791
2019-10-20 22:30:00,1.937361588
2019-10-20 23:00:00,2.759025329
2019-10-20 23:30:00,1.851624401
2019-10-21 00:00:00,1.085176419
2019-10-21 00:30:00,1.01533818
2019-10-21 01:00:00,0.948192104
2019-10-21 01:30:00,1.663495252
2019-10-21 02:00:00,2.480610636
2019-10-21 02:30:00,2.673909399
2019-10-21 03:00:00,2.867842763
2019-10-21 03:30:00,1.939671352
2019-10-21 04:00:00,1.11850702
2019-10-21 04:30:00,1.191809619
2019-10-21 05:00:00,1.266820835
2019-10-21 05:30:00,1.915986681
2019-10-21 06:00:00,2.478007392
2019-10-21 06:30:00,2.518789686
2019-10-21 07:00:00,2.560290349
2019-10-21 07:30:00,2.621686642
2019-10-21 08:00:00,2.682705699
2019-10-21 08:30:00,2.421913454
2019-10-21 09:00:00,1.964240738
2019-10-21 09:30:00,1.583850528
2019-10-21 10:00:00,1.257345051
2019-10-21 10:30:00,1.228454563
2019-10-21 11:00:00,1.199348373
2019-10-21 11:30:00,1.101781944
2019-10-21 12:00:00,1.005199528
2019-10-21 12:30:00,1.350950302
2019-10-21 13:00:00,1.720389961
2019-10-21 13:30:00,1.324469395
2019-10-21 14:00:00,0.975470036
2019-10-21 14:30:00,1.217945922
2019-10-21 15:00:00,1.497574432
2019-10-21 15:30:00,1.13146962
2019-10-21 16:00:00,0.811115878
2019-10-21 16:30:00,0.976106957
2019-10-21 17:00:00,1.102028125
2019-10-21 17:30:00,1.110309297
2019-10-21 18:00:00,1.115375889
2019-10-21 18:30:00,1.155630655
2019-10-21 19:00:00,1.175848363
2019-10-21 19:30:00,1.180491216
2019-10-21 20:00:00,1.175093187
2019-10-21 20:30:00,1.227293375
2019-10-21 21:00:00,1.26095927
2019-10-21 21:30:00,1.149252419
2019-10-21 22:00:00,1.005129306
2019-10-21 22:30:00,1.228866984
2019-10-21 23:00:00,1.482437828
2019-10-21 23:30:00,1.503122734
2019-10-22 00:00:00,1.517896065
2019-10-22 00:30:00,1.281847422
2019-10-22 01:00:00,1.057591492
2019-10-22 01:30:00,0.914496487
2019-10-22 02:00:00,0.77062773
2019-10-22 02:30:00,0.889695373
2019-10-22 03:00:00,1.019664373
2019-10-22 03:30:00,0.99555413
2019-10-22 04:00:00,0.971178236
2019-10-22 04:30:00,1.274411383
2019-10-22 05:00:00,1.59937742
2019-10-22 05:30:00,1.126850763
2019-10-22 06:00:00,0.729667334
2019-10-22 06:30:00,0.884423736
2019-10-22 07:00:00,1.055399069
2019-10-22 07:30:00,1.062321855
2019-10-22 08:00:00,1.065844202
2019-10-22 08:30:00,1.112455308
2019-10-22 09:00:00,1.150883808
2019-10-22 09:30:00,0.936782248
2019-10-22 10:00:00,0.750092018
2019-10-22 10:30:00,0.830198142
2019-10-22 11:00:00,0.91571246
2019-10-22 11:30:00,0.86907856
2019-10-22 12:00:00,0.823366423
2019-10-22 12:30:00,0.93015079
2019-10-22 13:00:00,1.044703004
2019-10-22 13:30:00,1.022773717
2019-10-22 14:00:00,0.999735243
2019-10-22 14:30:00,0.957341946
2019-10-22 15:00:00,0.916833056
2019-10-22 15:30:00,0.883208154
2019-10-22 16:00:00,0.782821929
2019-10-22 16:30:00,0.800409158
2019-10-22 17:00:00,0.804399275
2019-10-22 17:30:00,0.829323429
2019-10-22 18:00:00,0.844855496
2019-10-22 18:30:00,0.811084636
2019-10-22 19:00:00,0.771606985
2019-10-22 19:30:00,0.613602843
2019-10-22 20:00:00,0.469032576
2019-10-22 20:30:00,0.752567847
2019-10-22 21:00:00,1.071951369
2019-10-22 21:30:00,1.110010983
2019-10-22 22:00:00,1.028352309
2019-10-22 22:30:00,1.302238242
2019-10-22 23:00:00,1.614876474
2019-10-22 23:30:00,1.378283648
2019-10-23 00:00:00,1.162854293
2019-10-23 00:30:00,1.069326058
2019-10-23 01:00:00,0.977758516
2019-10-23 01:30:00,0.997397261
2019-10-23 02:00:00,1.017191938
2019-10-23 02:30:00,0.969915412
2019-10-23 03:00:00,0.924108082
2019-10-23 03:30:00,1.599442322
2019-10-23 04:00:00,2.503282256
2019-10-23 04:30:00,2.87230611
2019-10-23 05:00:00,3.273478894
2019-10-23 05:30:00,2.457783627
2019-10-23 06:00:00,1.750813327
2019-10-23 06:30:00,1.964108614
2019-10-23 07:00:00,2.179183069
2019-10-23 07:30:00,2.335354278
2019-10-23 08:00:00,2.488415957
2019-10-23 08:30:00,3.618878359
2019-10-23 09:00:00,4.487541824
2019-10-23 09:30:00,4.486218922
2019-10-23 10:00:00,4.47928063
2019-10-23 10:30:00,4.363230654
2019-10-23 11:00:00,4.233083499
2019-10-23 11:30:00,3.124057231
2019-10-23 12:00:00,2.094776064
2019-10-23 12:30:00,3.294656911
2019-10-23 13:00:00,4.343371057
2019-10-23 13:30:00,4.544139622
2019-10-23 14:00:00,4.741635861
2019-10-23 14:30:00,2.563577541
2019-10-23 15:00:00,1.088813043
2019-10-23 15:30:00,1.192613225
2019-10-23 16:00:00,1.285839362
2019-10-23 16:30:00,1.160089718
2019-10-23 17:00:00,1.032915701
2019-10-23 17:30:00,1.194808488
2019-10-23 18:00:00,1.351241033
2019-10-23 18:30:00,0.999387167
2019-10-23 19:00:00,0.716701022
2019-10-23 19:30:00,0.781968981
2019-10-23 20:00:00,0.850947205
2019-10-23 20:30:00,0.839746806
2019-10-23 21:00:00,0.826513792
2019-10-23 21:30:00,0.881536128
2019-10-23 22:00:00,0.936907192
2019-10-23 22:30:00,0.880756881
2019-10-23 23:00:00,0.824677998
2019-10-23 23:30:00,0.935691652
2019-10-24 00:00:00,1.048890471
2019-10-24 00:30:00,0.994708474
2019-10-24 01:00:00,0.934075931
2019-10-24 01:30:00,1.02729792
2019-10-24 02:00:00,1.113324002
2019-10-24 02:30:00,0.926249594
2019-10-24 03:00:00,0.759777002
2019-10-24 03:30:00,0.715876181
2019-10-24 04:00:00,0.673504868
2019-10-24 04:30:00,0.707623543
2019-10-24 05:00:00,0.734213751
2019-10-24 05:30:00,0.636867019
2019-10-24 06:00:00,0.548339216
2019-10-24 06:30:00,0.556864528
2019-10-24 07:00:00,0.563502601
2019-10-24 07:30:00,0.434256979
2019-10-24 08:00:00,0.322392648
2019-10-24 08:30:00,0.295259838
2019-10-24 09:00:00,0.269538815
2019-10-24 09:30:00,0.307730398
2019-10-24 10:00:00,0.344262123
2019-10-24 10:30:00,0.399484643
2019-10-24 11:00:00,0.447389772
2019-10-24 11:30:00,0.406397838
2019-10-24 12:00:00,0.365538523
2019-10-24 12:30:00,0.441371893
2019-10-24 13:00:00,0.525531038
2019-10-24 13:30:00,0.663032757
2019-10-24 14:00:00,0.812337448
2019-10-24 14:30:00,1.137605083
2019-10-24 15:00:00,1.522093637
2019-10-24 15:30:00,1.394334471
2019-10-24 16:00:00,1.273647251
2019-10-24 16:30:00,1.131111347
2019-10-24 17:00:00,1.000349438
2019-10-24 17:30:00,1.092044722
2019-10-24 18:00:00,1.183074455
2019-10-24 18:30:00,0.937304049
2019-10-24 19:00:00,0.728949299
2019-10-24 19:30:00,0.763563586
2019-10-24 20:00:00,0.79862029
2019-10-24 20:30:00,1.019325011
2019-10-24 21:00:00,1.275158954
2019-10-24 21:30:00,1.529315731
2019-10-24 22:00:00,1.811209377
2019-10-24 22:30:00,1.586008513
2019-10-24 23:00:00,1.380018677
2019-10-24 23:30:00,1.425903376
2019-10-25 00:00:00,1.457131129
2019-10-25 00:30:00,1.194342561
2019-10-25 01:00:00,0.963139622
2019-10-25 01:30:00,1.040688533
2019-10-25 02:00:00,1.12100572
2019-10-25 02:30:00,1.011895162
2019-10-25 03:00:00,0.911746812
2019-10-25 03:30:00,0.972184823
2019-10-25 04:00:00,1.034625436
2019-10-25 04:30:00,1.060381883
2019-10-25 05:00:00,1.03945706
2019-10-25 05:30:00,0.837010954
2019-10-25 06:00:00,0.658654431
2019-10-25 06:30:00,0.6413839
2019-10-25 07:00:00,0.624213207
2019-10-25 07:30:00,0.490293471
2019-10-25 08:00:00,0.35743678
2019-10-25 08:30:00,0.383024433
2019-10-25 09:00:00,0.409773353
2019-10-25 09:30:00,0.479537127
2019-10-25 10:00:00,0.552695809
2019-10-25 10:30:00,0.508402362
2019-10-25 11:00:00,0.464558407
2019-10-25 11:30:00,0.418889803
2019-10-25 12:00:00,0.373367803
2019-10-25 12:30:00,0.450672928
2019-10-25 13:00:00,0.537558068
2019-10-25 13:30:00,0.716764575
2019-10-25 14:00:00,0.918129221
2019-10-25 14:30:00,0.889866492
2019-10-25 15:00:00,0.85415963
2019-10-25 15:30:00,0.957563873
2019-10-25 16:00:00,1.068491654
2019-10-25 16:30:00,1.155607447
2019-10-25 17:00:00,1.241755292
2019-10-25 17:30:00,1.128049727
2019-10-25 18:00:00,1.020465016
2019-10-25 18:30:00,0.94406449
2019-10-25 19:00:00,0.871585091
2019-10-25 19:30:00,0.863255715
2019-10-25 20:00:00,0.838169233
2019-10-25 20:30:00,0.868056689
2019-10-25 21:00:00,0.881043402
2019-10-25 21:30:00,0.811921711
2019-10-25 22:00:00,0.746279897
2019-10-25 22:30:00,0.925080793
2019-10-25 23:00:00,1.130709607
2019-10-25 23:30:00,1.140040313
2019-10-26 00:00:00,1.149745113
2019-10-26 00:30:00,1.176447054
2019-10-26 01:00:00,1.202005224
2019-10-26 01:30:00,1.155604052
2019-10-26 02:00:00,1.109968489
2019-10-26 02:30:00,1.06200921
2019-10-26 03:00:00,1.003714378
2019-10-26 03:30:00,0.882490676
2019-10-26 04:00:00,0.761134331
2019-10-26 04:30:00,0.864197339
2019-10-26 05:00:00,0.974066061
2019-10-26 05:30:00,0.821082353
2019-10-26 06:00:00,0.682039962
2019-10-26 06:30:00,0.637038246
2019-10-26 07:00:00,0.592132973
2019-10-26 07:30:00,0.633089974
2019-10-26 08:00:00,0.629504704
2019-10-26 08:30:00,0.589918948
2019-10-26 09:00:00,0.547667502
2019-10-26 09:30:00,0.55948702
2019-10-26 10:00:00,0.570709212
2019-10-26 10:30:00,0.506386381
2019-10-26 11:00:00,0.446920971
2019-10-26 11:30:00,0.40512297
2019-10-26 12:00:00,0.362780728
2019-10-26 12:30:00,0.354190945
2019-10-26 13:00:00,0.345860677
2019-10-26 13:30:00,0.471926102
2019-10-26 14:00:00,0.618502983
2019-10-26 14:30:00,0.751273739
2019-10-26 15:00:00,0.892748964
2019-10-26 15:30:00,1.138689721
2019-10-26 16:00:00,1.365164562
2019-10-26 16:30:00,1.079286911
2019-10-26 17:00:00,0.828172829
2019-10-26 17:30:00,0.841913437
2019-10-26 18:00:00,0.832491083
2019-10-26 18:30:00,0.738078665
2019-10-26 19:00:00,0.643802123
2019-10-26 19:30:00,0.721074436
2019-10-26 20:00:00,0.803304269
2019-10-26 20:30:00,0.785469033
2019-10-26 21:00:00,0.751991982
2019-10-26 21:30:00,0.743763709
2019-10-26 22:00:00,0.735347841
2019-10-26 22:30:00,0.972627561
2019-10-26 23:00:00,1.25456951
2019-10-26 23:30:00,1.190410427
2019-10-27 00:00:00,1.124506287
2019-10-27 00:30:00,1.165195141
2019-10-27 01:00:00,1.207921187
2019-10-27 01:30:00,1.26930524
2019-10-27 02:00:00,1.251593727
2019-10-27 02:30:00,1.129273637
2019-10-27 03:00:00,0.972814331
2019-10-27 03:30:00,0.87407103
2019-10-27 04:00:00,0.778872635
2019-10-27 04:30:00,0.718721414
2019-10-27 05:00:00,0.660731003
2019-10-27 05:30:00,0.636586491
2019-10-27 06:00:00,0.612268264
2019-10-27 06:30:00,0.622855284
2019-10-27 07:00:00,0.630995341
2019-10-27 07:30:00,0.433887712
2019-10-27 08:00:00,0.27927338
2019-10-27 08:30:00,0.260385976
2019-10-27 09:00:00,0.24171776
2019-10-27 09:30:00,0.335593979
2019-10-27 10:00:00,0.425736144
2019-10-27 10:30:00,0.348224628
2019-10-27 11:00:00,0.270666229
2019-10-27 11:30:00,0.291919113
2019-10-27 12:00:00,0.309423741
2019-10-27 12:30:00,0.441085789
2019-10-27 13:00:00,0.603815589
2019-10-27 13:30:00,0.941449455
2019-10-27 14:00:00,1.388600229
2019-10-27 14:30:00,1.2607792
2019-10-27 15:00:00,1.122045425
2019-10-27 15:30:00,1.256575345
2019-10-27 16:00:00,1.402412732
2019-10-27 16:30:00,1.276131789
2019-10-27 17:00:00,1.157135222
2019-10-27 17:30:00,1.608585696
2019-10-27 18:00:00,2.167368841
2019-10-27 18:30:00,2.166599135
2019-10-27 19:00:00,2.153022149
2019-10-27 19:30:00,2.13720725
2019-10-27 20:00:00,2.008250527
2019-10-27 20:30:00,2.06111709
2019-10-27 21:00:00,1.953745214
2019-10-27 21:30:00,2.227788088
2019-10-27 22:00:00,2.366202329
2019-10-27 22:30:00,2.480118531
2019-10-27 23:00:00,2.596588759
2019-10-27 23:30:00,2.750049842
2019-10-28 00:00:00,2.895792396
2019-10-28 00:30:00,2.158275502
2019-10-28 01:00:00,1.482857175
2019-10-28 01:30:00,1.625892802
2019-10-28 02:00:00,1.731124877
2019-10-28 02:30:00,1.4360176
2019-10-28 03:00:00,1.175312867
2019-10-28 03:30:00,1.437463577
2019-10-28 04:00:00,1.733359969
2019-10-28 04:30:00,1.454469697
2019-10-28 05:00:00,1.168066256
2019-10-28 05:30:00,1.032270196
2019-10-28 06:00:00,0.907728256
2019-10-28 06:30:00,1.191590803
2019-10-28 07:00:00,1.495515456
2019-10-28 07:30:00,1.550317418
2019-10-28 08:00:00,1.532467525
2019-10-28 08:30:00,1.225229449
2019-10-28 09:00:00,0.962831572
2019-10-28 09:30:00,1.071979554
2019-10-28 10:00:00,1.174921556
2019-10-28 10:30:00,1.107856369
2019-10-28 11:00:00,1.036630574
2019-10-28 11:30:00,1.092282372
2019-10-28 12:00:00,1.148946844
2019-10-28 12:30:00,1.141118367
2019-10-28 13:00:00,1.125796309
2019-10-28 13:30:00,1.579443956
2019-10-28 14:00:00,2.134438033
2019-10-28 14:30:00,1.651011114
2019-10-28 15:00:00,1.16873657
2019-10-28 15:30:00,1.046351432
2019-10-28 16:00:00,0.923919263
2019-10-28 16:30:00,1.058063271
2019-10-28 17:00:00,1.205187275
2019-10-28 17:30:00,1.034905267
2019-10-28 18:00:00,0.878846247
2019-10-28 18:30:00,1.012322364
2019-10-28 19:00:00,1.159423066
2019-10-28 19:30:00,0.980274504
2019-10-28 20:00:00,0.819768249
2019-10-28 20:30:00,0.884153355
2019-10-28 21:00:00,0.950838955
2019-10-28 21:30:00,1.203100574
2019-10-28 22:00:00,1.433634903
2019-10-28 22:30:00,1.312066049
2019-10-28 23:00:00,1.161660335
2019-10-28 23:30:00,1.116099165
2019-10-29 00:00:00,1.069183999
2019-10-29 00:30:00,1.20764866
2019-10-29 01:00:00,1.357101788
2019-10-29 01:30:00,1.378402146
2019-10-29 02:00:00,1.395448195
2019-10-29 02:30:00,1.265338863
2019-10-29 03:00:00,1.135092804
2019-10-29 03:30:00,1.020854791
2019-10-29 04:00:00,0.906382257
2019-10-29 04:30:00,0.890128245
2019-10-29 05:00:00,0.875518868
2019-10-29 05:30:00,0.888769356
2019-10-29 06:00:00,0.901718173
2019-10-29 06:30:00,0.802131084
2019-10-29 07:00:00,0.707847481
2019-10-29 07:30:00,0.54065066
2019-10-29 08:00:00,0.391893981
2019-10-29 08:30:00,0.303080467
2019-10-29 09:00:00,0.228347619
2019-10-29 09:30:00,0.403183838
2019-10-29 10:00:00,0.637511018
2019-10-29 10:30:00,0.555583765
2019-10-29 11:00:00,0.480412894
2019-10-29 11:30:00,0.441822696
2019-10-29 12:00:00,0.394436137
2019-10-29 12:30:00,0.480717113
2019-10-29 13:00:00,0.55219539
2019-10-29 13:30:00,0.778181048
2019-10-29 14:00:00,1.050277609
2019-10-29 14:30:00,1.132705717
2019-10-29 15:00:00,1.205315539
2019-10-29 15:30:00,0.941862549
2019-10-29 16:00:00,0.713466392
2019-10-29 16:30:00,0.816416997
2019-10-29 17:00:00,0.926564757
2019-10-29 17:30:00,0.918600853
2019-10-29 18:00:00,0.909355539
2019-10-29 18:30:00,0.952616668
2019-10-29 19:00:00,0.990209592
2019-10-29 19:30:00,0.857692595
2019-10-29 20:00:00,0.737845098
2019-10-29 20:30:00,0.797451012
2019-10-29 21:00:00,0.857598979
2019-10-29 21:30:00,0.89509616
2019-10-29 22:00:00,0.926135507
2019-10-29 22:30:00,0.892567218
2019-10-29 23:00:00,0.855093298
2019-10-29 23:30:00,1.07412181
2019-10-30 00:00:00,1.324011573
2019-10-30 00:30:00,1.137595151
2019-10-30 01:00:00,0.968534369
2019-10-30 01:30:00,0.892852326
2019-10-30 02:00:00,0.819801036
2019-10-30 02:30:00,1.032256046
2019-10-30 03:00:00,1.238568754
2019-10-30 03:30:00,0.919277981
2019-10-30 04:00:00,0.658035189
2019-10-30 04:30:00,0.81821567
2019-10-30 05:00:00,0.995812788
2019-10-30 05:30:00,0.779726102
2019-10-30 06:00:00,0.591280675
2019-10-30 06:30:00,0.639524135
2019-10-30 07:00:00,0.689338105
2019-10-30 07:30:00,0.411327839
2019-10-30 08:00:00,0.213800668
2019-10-30 08:30:00,0.195854171
2019-10-30 09:00:00,0.178920799
2019-10-30 09:30:00,0.237932992
2019-10-30 10:00:00,0.305299438
2019-10-30 10:30:00,0.26426478
2019-10-30 11:00:00,0.222915297
2019-10-30 11:30:00,0.239190834
2019-10-30 12:00:00,0.255524465
2019-10-30 12:30:00,0.339464028
2019-10-30 13:00:00,0.439878829
2019-10-30 13:30:00,0.647059887
2019-10-30 14:00:00,0.86876334
2019-10-30 14:30:00,1.018576771
2019-10-30 15:00:00,1.183274345
2019-10-30 15:30:00,1.043558574
2019-10-30 16:00:00,0.91489404
2019-10-30 16:30:00,1.068235794
2019-10-30 17:00:00,1.239622507
2019-10-30 17:30:00,1.165808392
2019-10-30 18:00:00,1.094140991
2019-10-30 18:30:00,1.107868385
2019-10-30 19:00:00,1.119774313
2019-10-30 19:30:00,1.098170308
2019-10-30 20:00:00,1.072834922
2019-10-30 20:30:00,1.083611909
2019-10-30 21:00:00,1.078539542
2019-10-30 21:30:00,1.132645638
2019-10-30 22:00:00,1.184334279
2019-10-30 22:30:00,1.136724805
2019-10-30 23:00:00,1.084557756
2019-10-30 23:30:00,1.600535788
2019-10-31 00:00:00,2.242335361
2019-10-31 00:30:00,1.708038314
2019-10-31 01:00:00,1.263729197
2019-10-31 01:30:00,1.2480195
2019-10-31 02:00:00,1.232743619
2019-10-31 02:30:00,1.161644601
2019-10-31 03:00:00,1.092971031
2019-10-31 03:30:00,1.30446441
2019-10-31 04:00:00,1.515753489
2019-10-31 04:30:00,1.304168827
2019-10-31 05:00:00,1.097332829
2019-10-31 05:30:00,1.082660075
2019-10-31 06:00:00,1.0629306
2019-10-31 06:30:00,1.0475621
2019-10-31 07:00:00,1.025992649
2019-10-31 07:30:00,0.75677762
2019-10-31 08:00:00,0.539113898
2019-10-31 08:30:00,1.046703339
2019-10-31 09:00:00,1.443055772
2019-10-31 09:30:00,1.125554799
2019-10-31 10:00:00,0.649123113
2019-10-31 10:30:00,1.05768172
2019-10-31 11:00:00,1.328008654
2019-10-31 11:30:00,1.385418835
2019-10-31 12:00:00,1.442025267
2019-10-31 12:30:00,1.028803132
2019-10-31 13:00:00,0.500127612
2019-10-31 13:30:00,0.678171623
2019-10-31 14:00:00,0.874044941
2019-10-31 14:30:00,0.896433865
2019-10-31 15:00:00,0.918824215
2019-10-31 15:30:00,0.92291305
2019-10-31 16:00:00,0.926318072
2019-10-31 16:30:00,0.9241603
2019-10-31 17:00:00,0.91497732
2019-10-31 17:30:00,0.941841714
2019-10-31 18:00:00,0.96507847
2019-10-31 18:30:00,0.892551152
2019-10-31 19:00:00,0.818404028
2019-10-31 19:30:00,0.848360002
2019-10-31 20:00:00,0.879185444
2019-10-31 20:30:00,0.921845591
2019-10-31 21:00:00,0.961461968
2019-10-31 21:30:00,1.024117895
2019-10-31 22:00:00,1.088447916
2019-10-31 22:30:00,0.934796775
2019-10-31 23:00:00,0.79596732
2019-10-31 23:30:00,0.995024013
